n,var,Percentage
2,0.0,0.0
2,0.025,2.5
2,0.05,1.5
2,0.07500000000000000,2.4000000000000000
2,0.1,1.9000000000000000
2,0.125,2.9000000000000000
2,0.15000000000000000,1.7000000000000000
2,0.17500000000000000,1.7000000000000000
2,0.2,1.9000000000000000
2,0.225,2.1
2,0.25,1.5
2,0.275,1.7000000000000000
2,0.30000000000000000,2.3000000000000000
2,0.325,2.4000000000000000
2,0.35000000000000000,2.3000000000000000
2,0.375,3.1
2,0.4,2.1
2,0.42500000000000000,1.7000000000000000
2,0.45,2.4000000000000000
2,0.47500000000000000,2.5
2,0.5,1.1
2,0.525,2.3000000000000000
2,0.55,1.6
2,0.5750000000000000,2.8000000000000000
2,0.6000000000000000,1.8
2,0.625,2.3000000000000000
2,0.65,1.8
2,0.675,1.2000000000000000
2,0.7000000000000000,2.8000000000000000
2,0.7250000000000000,2.4000000000000000
2,0.75,1.9000000000000000
2,0.775,1.8
2,0.8,1.3
2,0.8250000000000000,2.5
2,0.8500000000000000,2.1
2,0.875,1.4000000000000000
2,0.9,1.7000000000000000
2,0.925,1.7000000000000000
2,0.9500000000000000,2.0
2,0.9750000000000000,2.3000000000000000
2,1.0,1.9000000000000000
3,0.0,0.0
3,0.025,1.1
3,0.05,0.8
3,0.07500000000000000,1.6
3,0.1,1.6
3,0.125,1.0
3,0.15000000000000000,1.0
3,0.17500000000000000,1.2000000000000000
3,0.2,1.1
3,0.225,1.2000000000000000
3,0.25,1.0
3,0.275,1.1
3,0.30000000000000000,1.6
3,0.325,0.9
3,0.35000000000000000,1.1
3,0.375,1.1
3,0.4,0.8
3,0.42500000000000000,1.0
3,0.45,1.2000000000000000
3,0.47500000000000000,1.3
3,0.5,0.9
3,0.525,1.4000000000000000
3,0.55,0.6000000000000000
3,0.5750000000000000,0.8
3,0.6000000000000000,1.4000000000000000
3,0.625,1.6
3,0.65,1.1
3,0.675,0.9
3,0.7000000000000000,1.2000000000000000
3,0.7250000000000000,0.7000000000000000
3,0.75,1.2000000000000000
3,0.775,0.9
3,0.8,1.2000000000000000
3,0.8250000000000000,1.0
3,0.8500000000000000,1.0
3,0.875,1.0
3,0.9,1.0
3,0.925,0.8
3,0.9500000000000000,1.0
3,0.9750000000000000,1.9000000000000000
3,1.0,1.2000000000000000
4,0.0,0.0
4,0.025,0.5
4,0.05,0.2
4,0.07500000000000000,0.4
4,0.1,0.0
4,0.125,0.30000000000000000
4,0.15000000000000000,0.5
4,0.17500000000000000,0.4
4,0.2,0.4
4,0.225,0.6000000000000000
4,0.25,0.5
4,0.275,0.30000000000000000
4,0.30000000000000000,0.2
4,0.325,0.30000000000000000
4,0.35000000000000000,0.30000000000000000
4,0.375,0.6000000000000000
4,0.4,0.4
4,0.42500000000000000,0.4
4,0.45,0.30000000000000000
4,0.47500000000000000,0.4
4,0.5,0.4
4,0.525,0.4
4,0.55,0.5
4,0.5750000000000000,0.5
4,0.6000000000000000,0.5
4,0.625,0.30000000000000000
4,0.65,0.30000000000000000
4,0.675,0.2
4,0.7000000000000000,0.8
4,0.7250000000000000,0.4
4,0.75,0.1
4,0.775,0.5
4,0.8,0.1
4,0.8250000000000000,0.6000000000000000
4,0.8500000000000000,0.5
4,0.875,0.4
4,0.9,0.7000000000000000
4,0.925,0.4
4,0.9500000000000000,0.6000000000000000
4,0.9750000000000000,0.2
4,1.0,0.6000000000000000
5,0.0,0.0
5,0.025,0.0
5,0.05,0.2
5,0.07500000000000000,0.30000000000000000
5,0.1,0.1
5,0.125,0.0
5,0.15000000000000000,0.2
5,0.17500000000000000,0.1
5,0.2,0.1
5,0.225,0.2
5,0.25,0.2
5,0.275,0.2
5,0.30000000000000000,0.4
5,0.325,0.1
5,0.35000000000000000,0.0
5,0.375,0.30000000000000000
5,0.4,0.1
5,0.42500000000000000,0.1
5,0.45,0.30000000000000000
5,0.47500000000000000,0.2
5,0.5,0.1
5,0.525,0.30000000000000000
5,0.55,0.1
5,0.5750000000000000,0.1
5,0.6000000000000000,0.1
5,0.625,0.1
5,0.65,0.0
5,0.675,0.1
5,0.7000000000000000,0.1
5,0.7250000000000000,0.0
5,0.75,0.2
5,0.775,0.0
5,0.8,0.0
5,0.8250000000000000,0.1
5,0.8500000000000000,0.30000000000000000
5,0.875,0.1
5,0.9,0.4
5,0.925,0.0
5,0.9500000000000000,0.4
5,0.9750000000000000,0.2
5,1.0,0.2
6,0.0,0.0
6,0.025,0.1
6,0.05,0.0
6,0.07500000000000000,0.1
6,0.1,0.0
6,0.125,0.0
6,0.15000000000000000,0.0
6,0.17500000000000000,0.1
6,0.2,0.0
6,0.225,0.0
6,0.25,0.2
6,0.275,0.0
6,0.30000000000000000,0.1
6,0.325,0.0
6,0.35000000000000000,0.2
6,0.375,0.0
6,0.4,0.0
6,0.42500000000000000,0.0
6,0.45,0.1
6,0.47500000000000000,0.0
6,0.5,0.0
6,0.525,0.1
6,0.55,0.1
6,0.5750000000000000,0.0
6,0.6000000000000000,0.0
6,0.625,0.0
6,0.65,0.0
6,0.675,0.1
6,0.7000000000000000,0.0
6,0.7250000000000000,0.1
6,0.75,0.1
6,0.775,0.0
6,0.8,0.0
6,0.8250000000000000,0.0
6,0.8500000000000000,0.0
6,0.875,0.0
6,0.9,0.1
6,0.925,0.0
6,0.9500000000000000,0.2
6,0.9750000000000000,0.0
6,1.0,0.0
7,0.0,0.0
7,0.025,0.0
7,0.05,0.0
7,0.07500000000000000,0.0
7,0.1,0.0
7,0.125,0.0
7,0.15000000000000000,0.0
7,0.17500000000000000,0.0
7,0.2,0.0
7,0.225,0.0
7,0.25,0.0
7,0.275,0.0
7,0.30000000000000000,0.0
7,0.325,0.0
7,0.35000000000000000,0.0
7,0.375,0.0
7,0.4,0.0
7,0.42500000000000000,0.0
7,0.45,0.1
7,0.47500000000000000,0.0
7,0.5,0.0
7,0.525,0.0
7,0.55,0.0
7,0.5750000000000000,0.0
7,0.6000000000000000,0.0
7,0.625,0.0
7,0.65,0.0
7,0.675,0.0
7,0.7000000000000000,0.0
7,0.7250000000000000,0.0
7,0.75,0.0
7,0.775,0.1
7,0.8,0.0
7,0.8250000000000000,0.0
7,0.8500000000000000,0.0
7,0.875,0.0
7,0.9,0.0
7,0.925,0.0
7,0.9500000000000000,0.0
7,0.9750000000000000,0.0
7,1.0,0.0
8,0.0,0.0
8,0.025,0.0
8,0.05,0.0
8,0.07500000000000000,0.0
8,0.1,0.0
8,0.125,0.0
8,0.15000000000000000,0.0
8,0.17500000000000000,0.0
8,0.2,0.0
8,0.225,0.0
8,0.25,0.0
8,0.275,0.0
8,0.30000000000000000,0.0
8,0.325,0.0
8,0.35000000000000000,0.0
8,0.375,0.0
8,0.4,0.0
8,0.42500000000000000,0.0
8,0.45,0.0
8,0.47500000000000000,0.0
8,0.5,0.0
8,0.525,0.0
8,0.55,0.1
8,0.5750000000000000,0.0
8,0.6000000000000000,0.0
8,0.625,0.0
8,0.65,0.0
8,0.675,0.0
8,0.7000000000000000,0.0
8,0.7250000000000000,0.0
8,0.75,0.0
8,0.775,0.0
8,0.8,0.0
8,0.8250000000000000,0.0
8,0.8500000000000000,0.0
8,0.875,0.0
8,0.9,0.0
8,0.925,0.0
8,0.9500000000000000,0.0
8,0.9750000000000000,0.0
8,1.0,0.0
9,0.0,0.0
9,0.025,0.0
9,0.05,0.0
9,0.07500000000000000,0.0
9,0.1,0.0
9,0.125,0.0
9,0.15000000000000000,0.0
9,0.17500000000000000,0.0
9,0.2,0.0
9,0.225,0.0
9,0.25,0.0
9,0.275,0.0
9,0.30000000000000000,0.0
9,0.325,0.0
9,0.35000000000000000,0.0
9,0.375,0.0
9,0.4,0.0
9,0.42500000000000000,0.0
9,0.45,0.0
9,0.47500000000000000,0.0
9,0.5,0.0
9,0.525,0.0
9,0.55,0.0
9,0.5750000000000000,0.0
9,0.6000000000000000,0.0
9,0.625,0.0
9,0.65,0.0
9,0.675,0.0
9,0.7000000000000000,0.0
9,0.7250000000000000,0.0
9,0.75,0.0
9,0.775,0.0
9,0.8,0.0
9,0.8250000000000000,0.0
9,0.8500000000000000,0.0
9,0.875,0.0
9,0.9,0.0
9,0.925,0.0
9,0.9500000000000000,0.0
9,0.9750000000000000,0.0
9,1.0,0.0
10,0.0,0.0
10,0.025,0.0
10,0.05,0.0
10,0.07500000000000000,0.0
10,0.1,0.0
10,0.125,0.0
10,0.15000000000000000,0.0
10,0.17500000000000000,0.0
10,0.2,0.0
10,0.225,0.0
10,0.25,0.0
10,0.275,0.0
10,0.30000000000000000,0.0
10,0.325,0.0
10,0.35000000000000000,0.0
10,0.375,0.0
10,0.4,0.0
10,0.42500000000000000,0.0
10,0.45,0.0
10,0.47500000000000000,0.0
10,0.5,0.0
10,0.525,0.0
10,0.55,0.0
10,0.5750000000000000,0.0
10,0.6000000000000000,0.0
10,0.625,0.0
10,0.65,0.0
10,0.675,0.0
10,0.7000000000000000,0.0
10,0.7250000000000000,0.0
10,0.75,0.0
10,0.775,0.0
10,0.8,0.0
10,0.8250000000000000,0.0
10,0.8500000000000000,0.0
10,0.875,0.0
10,0.9,0.0
10,0.925,0.0
10,0.9500000000000000,0.0
10,0.9750000000000000,0.0
10,1.0,0.0
11,0.0,0.0
11,0.025,0.0
11,0.05,0.0
11,0.07500000000000000,0.0
11,0.1,0.0
11,0.125,0.0
11,0.15000000000000000,0.0
11,0.17500000000000000,0.0
11,0.2,0.0
11,0.225,0.0
11,0.25,0.0
11,0.275,0.0
11,0.30000000000000000,0.0
11,0.325,0.0
11,0.35000000000000000,0.0
11,0.375,0.0
11,0.4,0.0
11,0.42500000000000000,0.0
11,0.45,0.0
11,0.47500000000000000,0.0
11,0.5,0.0
11,0.525,0.0
11,0.55,0.0
11,0.5750000000000000,0.0
11,0.6000000000000000,0.0
11,0.625,0.0
11,0.65,0.0
11,0.675,0.0
11,0.7000000000000000,0.0
11,0.7250000000000000,0.0
11,0.75,0.0
11,0.775,0.0
11,0.8,0.0
11,0.8250000000000000,0.0
11,0.8500000000000000,0.0
11,0.875,0.0
11,0.9,0.0
11,0.925,0.0
11,0.9500000000000000,0.0
11,0.9750000000000000,0.0
11,1.0,0.0
12,0.0,0.0
12,0.025,0.0
12,0.05,0.0
12,0.07500000000000000,0.0
12,0.1,0.0
12,0.125,0.0
12,0.15000000000000000,0.0
12,0.17500000000000000,0.0
12,0.2,0.0
12,0.225,0.0
12,0.25,0.0
12,0.275,0.0
12,0.30000000000000000,0.0
12,0.325,0.0
12,0.35000000000000000,0.0
12,0.375,0.0
12,0.4,0.0
12,0.42500000000000000,0.0
12,0.45,0.0
12,0.47500000000000000,0.0
12,0.5,0.0
12,0.525,0.0
12,0.55,0.0
12,0.5750000000000000,0.0
12,0.6000000000000000,0.0
12,0.625,0.0
12,0.65,0.0
12,0.675,0.0
12,0.7000000000000000,0.0
12,0.7250000000000000,0.0
12,0.75,0.0
12,0.775,0.0
12,0.8,0.0
12,0.8250000000000000,0.0
12,0.8500000000000000,0.0
12,0.875,0.0
12,0.9,0.0
12,0.925,0.0
12,0.9500000000000000,0.0
12,0.9750000000000000,0.0
12,1.0,0.0
13,0.0,0.0
13,0.025,0.0
13,0.05,0.0
13,0.07500000000000000,0.0
13,0.1,0.0
13,0.125,0.0
13,0.15000000000000000,0.0
13,0.17500000000000000,0.0
13,0.2,0.0
13,0.225,0.0
13,0.25,0.0
13,0.275,0.0
13,0.30000000000000000,0.0
13,0.325,0.0
13,0.35000000000000000,0.0
13,0.375,0.0
13,0.4,0.0
13,0.42500000000000000,0.0
13,0.45,0.0
13,0.47500000000000000,0.0
13,0.5,0.0
13,0.525,0.0
13,0.55,0.0
13,0.5750000000000000,0.0
13,0.6000000000000000,0.0
13,0.625,0.0
13,0.65,0.0
13,0.675,0.0
13,0.7000000000000000,0.0
13,0.7250000000000000,0.0
13,0.75,0.0
13,0.775,0.0
13,0.8,0.0
13,0.8250000000000000,0.0
13,0.8500000000000000,0.0
13,0.875,0.0
13,0.9,0.0
13,0.925,0.0
13,0.9500000000000000,0.0
13,0.9750000000000000,0.0
13,1.0,0.0
14,0.0,0.0
14,0.025,0.0
14,0.05,0.0
14,0.07500000000000000,0.0
14,0.1,0.0
14,0.125,0.0
14,0.15000000000000000,0.0
14,0.17500000000000000,0.0
14,0.2,0.0
14,0.225,0.0
14,0.25,0.0
14,0.275,0.0
14,0.30000000000000000,0.0
14,0.325,0.0
14,0.35000000000000000,0.0
14,0.375,0.0
14,0.4,0.0
14,0.42500000000000000,0.0
14,0.45,0.0
14,0.47500000000000000,0.0
14,0.5,0.0
14,0.525,0.0
14,0.55,0.0
14,0.5750000000000000,0.0
14,0.6000000000000000,0.0
14,0.625,0.0
14,0.65,0.0
14,0.675,0.0
14,0.7000000000000000,0.0
14,0.7250000000000000,0.0
14,0.75,0.0
14,0.775,0.0
14,0.8,0.0
14,0.8250000000000000,0.0
14,0.8500000000000000,0.0
14,0.875,0.0
14,0.9,0.0
14,0.925,0.0
14,0.9500000000000000,0.0
14,0.9750000000000000,0.0
14,1.0,0.0
15,0.0,0.0
15,0.025,0.0
15,0.05,0.0
15,0.07500000000000000,0.0
15,0.1,0.0
15,0.125,0.0
15,0.15000000000000000,0.0
15,0.17500000000000000,0.0
15,0.2,0.0
15,0.225,0.0
15,0.25,0.0
15,0.275,0.0
15,0.30000000000000000,0.0
15,0.325,0.0
15,0.35000000000000000,0.0
15,0.375,0.0
15,0.4,0.0
15,0.42500000000000000,0.0
15,0.45,0.0
15,0.47500000000000000,0.0
15,0.5,0.0
15,0.525,0.0
15,0.55,0.0
15,0.5750000000000000,0.0
15,0.6000000000000000,0.0
15,0.625,0.0
15,0.65,0.0
15,0.675,0.0
15,0.7000000000000000,0.0
15,0.7250000000000000,0.0
15,0.75,0.0
15,0.775,0.0
15,0.8,0.0
15,0.8250000000000000,0.0
15,0.8500000000000000,0.0
15,0.875,0.0
15,0.9,0.0
15,0.925,0.0
15,0.9500000000000000,0.0
15,0.9750000000000000,0.0
15,1.0,0.0
16,0.0,0.0
16,0.025,0.0
16,0.05,0.0
16,0.07500000000000000,0.0
16,0.1,0.0
16,0.125,0.0
16,0.15000000000000000,0.0
16,0.17500000000000000,0.0
16,0.2,0.0
16,0.225,0.0
16,0.25,0.0
16,0.275,0.0
16,0.30000000000000000,0.0
16,0.325,0.0
16,0.35000000000000000,0.0
16,0.375,0.0
16,0.4,0.0
16,0.42500000000000000,0.0
16,0.45,0.0
16,0.47500000000000000,0.0
16,0.5,0.0
16,0.525,0.0
16,0.55,0.0
16,0.5750000000000000,0.0
16,0.6000000000000000,0.0
16,0.625,0.0
16,0.65,0.0
16,0.675,0.0
16,0.7000000000000000,0.0
16,0.7250000000000000,0.0
16,0.75,0.0
16,0.775,0.0
16,0.8,0.0
16,0.8250000000000000,0.0
16,0.8500000000000000,0.0
16,0.875,0.0
16,0.9,0.0
16,0.925,0.0
16,0.9500000000000000,0.0
16,0.9750000000000000,0.0
16,1.0,0.0
17,0.0,0.0
17,0.025,0.0
17,0.05,0.0
17,0.07500000000000000,0.0
17,0.1,0.0
17,0.125,0.0
17,0.15000000000000000,0.0
17,0.17500000000000000,0.0
17,0.2,0.0
17,0.225,0.0
17,0.25,0.0
17,0.275,0.0
17,0.30000000000000000,0.0
17,0.325,0.0
17,0.35000000000000000,0.0
17,0.375,0.0
17,0.4,0.0
17,0.42500000000000000,0.0
17,0.45,0.0
17,0.47500000000000000,0.0
17,0.5,0.0
17,0.525,0.0
17,0.55,0.0
17,0.5750000000000000,0.0
17,0.6000000000000000,0.0
17,0.625,0.0
17,0.65,0.0
17,0.675,0.0
17,0.7000000000000000,0.0
17,0.7250000000000000,0.0
17,0.75,0.0
17,0.775,0.0
17,0.8,0.0
17,0.8250000000000000,0.0
17,0.8500000000000000,0.0
17,0.875,0.0
17,0.9,0.0
17,0.925,0.0
17,0.9500000000000000,0.0
17,0.9750000000000000,0.0
17,1.0,0.0
18,0.0,0.0
18,0.025,0.0
18,0.05,0.0
18,0.07500000000000000,0.0
18,0.1,0.0
18,0.125,0.0
18,0.15000000000000000,0.0
18,0.17500000000000000,0.0
18,0.2,0.0
18,0.225,0.0
18,0.25,0.0
18,0.275,0.0
18,0.30000000000000000,0.0
18,0.325,0.0
18,0.35000000000000000,0.0
18,0.375,0.0
18,0.4,0.0
18,0.42500000000000000,0.0
18,0.45,0.0
18,0.47500000000000000,0.0
18,0.5,0.0
18,0.525,0.0
18,0.55,0.0
18,0.5750000000000000,0.0
18,0.6000000000000000,0.0
18,0.625,0.0
18,0.65,0.0
18,0.675,0.0
18,0.7000000000000000,0.0
18,0.7250000000000000,0.0
18,0.75,0.0
18,0.775,0.0
18,0.8,0.0
18,0.8250000000000000,0.0
18,0.8500000000000000,0.0
18,0.875,0.0
18,0.9,0.0
18,0.925,0.0
18,0.9500000000000000,0.0
18,0.9750000000000000,0.0
18,1.0,0.0
19,0.0,0.0
19,0.025,0.0
19,0.05,0.0
19,0.07500000000000000,0.0
19,0.1,0.0
19,0.125,0.0
19,0.15000000000000000,0.0
19,0.17500000000000000,0.0
19,0.2,0.0
19,0.225,0.0
19,0.25,0.0
19,0.275,0.0
19,0.30000000000000000,0.0
19,0.325,0.0
19,0.35000000000000000,0.0
19,0.375,0.0
19,0.4,0.0
19,0.42500000000000000,0.0
19,0.45,0.0
19,0.47500000000000000,0.0
19,0.5,0.0
19,0.525,0.0
19,0.55,0.0
19,0.5750000000000000,0.0
19,0.6000000000000000,0.0
19,0.625,0.0
19,0.65,0.0
19,0.675,0.0
19,0.7000000000000000,0.0
19,0.7250000000000000,0.0
19,0.75,0.0
19,0.775,0.0
19,0.8,0.0
19,0.8250000000000000,0.0
19,0.8500000000000000,0.0
19,0.875,0.0
19,0.9,0.0
19,0.925,0.0
19,0.9500000000000000,0.0
19,0.9750000000000000,0.0
19,1.0,0.0
20,0.0,0.0
20,0.025,0.0
20,0.05,0.0
20,0.07500000000000000,0.0
20,0.1,0.0
20,0.125,0.0
20,0.15000000000000000,0.0
20,0.17500000000000000,0.0
20,0.2,0.0
20,0.225,0.0
20,0.25,0.0
20,0.275,0.0
20,0.30000000000000000,0.0
20,0.325,0.0
20,0.35000000000000000,0.0
20,0.375,0.0
20,0.4,0.0
20,0.42500000000000000,0.0
20,0.45,0.0
20,0.47500000000000000,0.0
20,0.5,0.0
20,0.525,0.0
20,0.55,0.0
20,0.5750000000000000,0.0
20,0.6000000000000000,0.0
20,0.625,0.0
20,0.65,0.0
20,0.675,0.0
20,0.7000000000000000,0.0
20,0.7250000000000000,0.0
20,0.75,0.0
20,0.775,0.0
20,0.8,0.0
20,0.8250000000000000,0.0
20,0.8500000000000000,0.0
20,0.875,0.0
20,0.9,0.0
20,0.925,0.0
20,0.9500000000000000,0.0
20,0.9750000000000000,0.0
20,1.0,0.0
21,0.0,0.0
21,0.025,0.0
21,0.05,0.0
21,0.07500000000000000,0.0
21,0.1,0.0
21,0.125,0.0
21,0.15000000000000000,0.0
21,0.17500000000000000,0.0
21,0.2,0.0
21,0.225,0.0
21,0.25,0.0
21,0.275,0.0
21,0.30000000000000000,0.0
21,0.325,0.0
21,0.35000000000000000,0.0
21,0.375,0.0
21,0.4,0.0
21,0.42500000000000000,0.0
21,0.45,0.0
21,0.47500000000000000,0.0
21,0.5,0.0
21,0.525,0.0
21,0.55,0.0
21,0.5750000000000000,0.0
21,0.6000000000000000,0.0
21,0.625,0.0
21,0.65,0.0
21,0.675,0.0
21,0.7000000000000000,0.0
21,0.7250000000000000,0.0
21,0.75,0.0
21,0.775,0.0
21,0.8,0.0
21,0.8250000000000000,0.0
21,0.8500000000000000,0.0
21,0.875,0.0
21,0.9,0.0
21,0.925,0.0
21,0.9500000000000000,0.0
21,0.9750000000000000,0.0
21,1.0,0.0
22,0.0,0.0
22,0.025,0.0
22,0.05,0.0
22,0.07500000000000000,0.0
22,0.1,0.0
22,0.125,0.0
22,0.15000000000000000,0.0
22,0.17500000000000000,0.0
22,0.2,0.0
22,0.225,0.0
22,0.25,0.0
22,0.275,0.0
22,0.30000000000000000,0.0
22,0.325,0.0
22,0.35000000000000000,0.0
22,0.375,0.0
22,0.4,0.0
22,0.42500000000000000,0.0
22,0.45,0.0
22,0.47500000000000000,0.0
22,0.5,0.0
22,0.525,0.0
22,0.55,0.0
22,0.5750000000000000,0.0
22,0.6000000000000000,0.0
22,0.625,0.0
22,0.65,0.0
22,0.675,0.0
22,0.7000000000000000,0.0
22,0.7250000000000000,0.0
22,0.75,0.0
22,0.775,0.0
22,0.8,0.0
22,0.8250000000000000,0.0
22,0.8500000000000000,0.0
22,0.875,0.0
22,0.9,0.0
22,0.925,0.0
22,0.9500000000000000,0.0
22,0.9750000000000000,0.0
22,1.0,0.0
23,0.0,0.0
23,0.025,0.0
23,0.05,0.0
23,0.07500000000000000,0.0
23,0.1,0.0
23,0.125,0.0
23,0.15000000000000000,0.0
23,0.17500000000000000,0.0
23,0.2,0.0
23,0.225,0.0
23,0.25,0.0
23,0.275,0.0
23,0.30000000000000000,0.0
23,0.325,0.0
23,0.35000000000000000,0.0
23,0.375,0.0
23,0.4,0.0
23,0.42500000000000000,0.0
23,0.45,0.0
23,0.47500000000000000,0.0
23,0.5,0.0
23,0.525,0.0
23,0.55,0.0
23,0.5750000000000000,0.0
23,0.6000000000000000,0.0
23,0.625,0.0
23,0.65,0.0
23,0.675,0.0
23,0.7000000000000000,0.0
23,0.7250000000000000,0.0
23,0.75,0.0
23,0.775,0.0
23,0.8,0.0
23,0.8250000000000000,0.0
23,0.8500000000000000,0.0
23,0.875,0.0
23,0.9,0.0
23,0.925,0.0
23,0.9500000000000000,0.0
23,0.9750000000000000,0.0
23,1.0,0.0
24,0.0,0.0
24,0.025,0.0
24,0.05,0.0
24,0.07500000000000000,0.0
24,0.1,0.0
24,0.125,0.0
24,0.15000000000000000,0.0
24,0.17500000000000000,0.0
24,0.2,0.0
24,0.225,0.0
24,0.25,0.0
24,0.275,0.0
24,0.30000000000000000,0.0
24,0.325,0.0
24,0.35000000000000000,0.0
24,0.375,0.0
24,0.4,0.0
24,0.42500000000000000,0.0
24,0.45,0.0
24,0.47500000000000000,0.0
24,0.5,0.0
24,0.525,0.0
24,0.55,0.0
24,0.5750000000000000,0.0
24,0.6000000000000000,0.0
24,0.625,0.0
24,0.65,0.0
24,0.675,0.0
24,0.7000000000000000,0.0
24,0.7250000000000000,0.0
24,0.75,0.0
24,0.775,0.0
24,0.8,0.0
24,0.8250000000000000,0.0
24,0.8500000000000000,0.0
24,0.875,0.0
24,0.9,0.0
24,0.925,0.0
24,0.9500000000000000,0.0
24,0.9750000000000000,0.0
24,1.0,0.0
25,0.0,0.0
25,0.025,0.0
25,0.05,0.0
25,0.07500000000000000,0.0
25,0.1,0.0
25,0.125,0.0
25,0.15000000000000000,0.0
25,0.17500000000000000,0.0
25,0.2,0.0
25,0.225,0.0
25,0.25,0.0
25,0.275,0.0
25,0.30000000000000000,0.0
25,0.325,0.0
25,0.35000000000000000,0.0
25,0.375,0.0
25,0.4,0.0
25,0.42500000000000000,0.0
25,0.45,0.0
25,0.47500000000000000,0.0
25,0.5,0.0
25,0.525,0.0
25,0.55,0.0
25,0.5750000000000000,0.0
25,0.6000000000000000,0.0
25,0.625,0.0
25,0.65,0.0
25,0.675,0.0
25,0.7000000000000000,0.0
25,0.7250000000000000,0.0
25,0.75,0.0
25,0.775,0.0
25,0.8,0.0
25,0.8250000000000000,0.0
25,0.8500000000000000,0.0
25,0.875,0.0
25,0.9,0.0
25,0.925,0.0
25,0.9500000000000000,0.0
25,0.9750000000000000,0.0
25,1.0,0.0
26,0.0,0.0
26,0.025,0.0
26,0.05,0.0
26,0.07500000000000000,0.0
26,0.1,0.0
26,0.125,0.0
26,0.15000000000000000,0.0
26,0.17500000000000000,0.0
26,0.2,0.0
26,0.225,0.0
26,0.25,0.0
26,0.275,0.0
26,0.30000000000000000,0.0
26,0.325,0.0
26,0.35000000000000000,0.0
26,0.375,0.0
26,0.4,0.0
26,0.42500000000000000,0.0
26,0.45,0.0
26,0.47500000000000000,0.0
26,0.5,0.0
26,0.525,0.0
26,0.55,0.0
26,0.5750000000000000,0.0
26,0.6000000000000000,0.0
26,0.625,0.0
26,0.65,0.0
26,0.675,0.0
26,0.7000000000000000,0.0
26,0.7250000000000000,0.0
26,0.75,0.0
26,0.775,0.0
26,0.8,0.0
26,0.8250000000000000,0.0
26,0.8500000000000000,0.0
26,0.875,0.0
26,0.9,0.0
26,0.925,0.0
26,0.9500000000000000,0.0
26,0.9750000000000000,0.0
26,1.0,0.0
27,0.0,0.0
27,0.025,0.0
27,0.05,0.0
27,0.07500000000000000,0.0
27,0.1,0.0
27,0.125,0.0
27,0.15000000000000000,0.0
27,0.17500000000000000,0.0
27,0.2,0.0
27,0.225,0.0
27,0.25,0.0
27,0.275,0.0
27,0.30000000000000000,0.0
27,0.325,0.0
27,0.35000000000000000,0.0
27,0.375,0.0
27,0.4,0.0
27,0.42500000000000000,0.0
27,0.45,0.0
27,0.47500000000000000,0.0
27,0.5,0.0
27,0.525,0.0
27,0.55,0.0
27,0.5750000000000000,0.0
27,0.6000000000000000,0.0
27,0.625,0.0
27,0.65,0.0
27,0.675,0.0
27,0.7000000000000000,0.0
27,0.7250000000000000,0.0
27,0.75,0.0
27,0.775,0.0
27,0.8,0.0
27,0.8250000000000000,0.0
27,0.8500000000000000,0.0
27,0.875,0.0
27,0.9,0.0
27,0.925,0.0
27,0.9500000000000000,0.0
27,0.9750000000000000,0.0
27,1.0,0.0
28,0.0,0.0
28,0.025,0.0
28,0.05,0.0
28,0.07500000000000000,0.0
28,0.1,0.0
28,0.125,0.0
28,0.15000000000000000,0.0
28,0.17500000000000000,0.0
28,0.2,0.0
28,0.225,0.0
28,0.25,0.0
28,0.275,0.0
28,0.30000000000000000,0.0
28,0.325,0.0
28,0.35000000000000000,0.0
28,0.375,0.0
28,0.4,0.0
28,0.42500000000000000,0.0
28,0.45,0.0
28,0.47500000000000000,0.0
28,0.5,0.0
28,0.525,0.0
28,0.55,0.0
28,0.5750000000000000,0.0
28,0.6000000000000000,0.0
28,0.625,0.0
28,0.65,0.0
28,0.675,0.0
28,0.7000000000000000,0.0
28,0.7250000000000000,0.0
28,0.75,0.0
28,0.775,0.0
28,0.8,0.0
28,0.8250000000000000,0.0
28,0.8500000000000000,0.0
28,0.875,0.0
28,0.9,0.0
28,0.925,0.0
28,0.9500000000000000,0.0
28,0.9750000000000000,0.0
28,1.0,0.0
29,0.0,0.0
29,0.025,0.0
29,0.05,0.0
29,0.07500000000000000,0.0
29,0.1,0.0
29,0.125,0.0
29,0.15000000000000000,0.0
29,0.17500000000000000,0.0
29,0.2,0.0
29,0.225,0.0
29,0.25,0.0
29,0.275,0.0
29,0.30000000000000000,0.0
29,0.325,0.0
29,0.35000000000000000,0.0
29,0.375,0.0
29,0.4,0.0
29,0.42500000000000000,0.0
29,0.45,0.0
29,0.47500000000000000,0.0
29,0.5,0.0
29,0.525,0.0
29,0.55,0.0
29,0.5750000000000000,0.0
29,0.6000000000000000,0.0
29,0.625,0.0
29,0.65,0.0
29,0.675,0.0
29,0.7000000000000000,0.0
29,0.7250000000000000,0.0
29,0.75,0.0
29,0.775,0.0
29,0.8,0.0
29,0.8250000000000000,0.0
29,0.8500000000000000,0.0
29,0.875,0.0
29,0.9,0.0
29,0.925,0.0
29,0.9500000000000000,0.0
29,0.9750000000000000,0.0
29,1.0,0.0
30,0.0,0.0
30,0.025,0.0
30,0.05,0.0
30,0.07500000000000000,0.0
30,0.1,0.0
30,0.125,0.0
30,0.15000000000000000,0.0
30,0.17500000000000000,0.0
30,0.2,0.0
30,0.225,0.0
30,0.25,0.0
30,0.275,0.0
30,0.30000000000000000,0.0
30,0.325,0.0
30,0.35000000000000000,0.0
30,0.375,0.0
30,0.4,0.0
30,0.42500000000000000,0.0
30,0.45,0.0
30,0.47500000000000000,0.0
30,0.5,0.0
30,0.525,0.0
30,0.55,0.0
30,0.5750000000000000,0.0
30,0.6000000000000000,0.0
30,0.625,0.0
30,0.65,0.0
30,0.675,0.0
30,0.7000000000000000,0.0
30,0.7250000000000000,0.0
30,0.75,0.0
30,0.775,0.0
30,0.8,0.0
30,0.8250000000000000,0.0
30,0.8500000000000000,0.0
30,0.875,0.0
30,0.9,0.0
30,0.925,0.0
30,0.9500000000000000,0.0
30,0.9750000000000000,0.0
30,1.0,0.0
31,0.0,0.0
31,0.025,0.0
31,0.05,0.0
31,0.07500000000000000,0.0
31,0.1,0.0
31,0.125,0.0
31,0.15000000000000000,0.0
31,0.17500000000000000,0.0
31,0.2,0.0
31,0.225,0.0
31,0.25,0.0
31,0.275,0.0
31,0.30000000000000000,0.0
31,0.325,0.0
31,0.35000000000000000,0.0
31,0.375,0.0
31,0.4,0.0
31,0.42500000000000000,0.0
31,0.45,0.0
31,0.47500000000000000,0.0
31,0.5,0.0
31,0.525,0.0
31,0.55,0.0
31,0.5750000000000000,0.0
31,0.6000000000000000,0.0
31,0.625,0.0
31,0.65,0.0
31,0.675,0.0
31,0.7000000000000000,0.0
31,0.7250000000000000,0.0
31,0.75,0.0
31,0.775,0.0
31,0.8,0.0
31,0.8250000000000000,0.0
31,0.8500000000000000,0.0
31,0.875,0.0
31,0.9,0.0
31,0.925,0.0
31,0.9500000000000000,0.0
31,0.9750000000000000,0.0
31,1.0,0.0
32,0.0,0.0
32,0.025,0.0
32,0.05,0.0
32,0.07500000000000000,0.0
32,0.1,0.0
32,0.125,0.0
32,0.15000000000000000,0.0
32,0.17500000000000000,0.0
32,0.2,0.0
32,0.225,0.0
32,0.25,0.0
32,0.275,0.0
32,0.30000000000000000,0.0
32,0.325,0.0
32,0.35000000000000000,0.0
32,0.375,0.0
32,0.4,0.0
32,0.42500000000000000,0.0
32,0.45,0.0
32,0.47500000000000000,0.0
32,0.5,0.0
32,0.525,0.0
32,0.55,0.0
32,0.5750000000000000,0.0
32,0.6000000000000000,0.0
32,0.625,0.0
32,0.65,0.0
32,0.675,0.0
32,0.7000000000000000,0.0
32,0.7250000000000000,0.0
32,0.75,0.0
32,0.775,0.0
32,0.8,0.0
32,0.8250000000000000,0.0
32,0.8500000000000000,0.0
32,0.875,0.0
32,0.9,0.0
32,0.925,0.0
32,0.9500000000000000,0.0
32,0.9750000000000000,0.0
32,1.0,0.0
33,0.0,0.0
33,0.025,0.0
33,0.05,0.0
33,0.07500000000000000,0.0
33,0.1,0.0
33,0.125,0.0
33,0.15000000000000000,0.0
33,0.17500000000000000,0.0
33,0.2,0.0
33,0.225,0.0
33,0.25,0.0
33,0.275,0.0
33,0.30000000000000000,0.0
33,0.325,0.0
33,0.35000000000000000,0.0
33,0.375,0.0
33,0.4,0.0
33,0.42500000000000000,0.0
33,0.45,0.0
33,0.47500000000000000,0.0
33,0.5,0.0
33,0.525,0.0
33,0.55,0.0
33,0.5750000000000000,0.0
33,0.6000000000000000,0.0
33,0.625,0.0
33,0.65,0.0
33,0.675,0.0
33,0.7000000000000000,0.0
33,0.7250000000000000,0.0
33,0.75,0.0
33,0.775,0.0
33,0.8,0.0
33,0.8250000000000000,0.0
33,0.8500000000000000,0.0
33,0.875,0.0
33,0.9,0.0
33,0.925,0.0
33,0.9500000000000000,0.0
33,0.9750000000000000,0.0
33,1.0,0.0
34,0.0,0.0
34,0.025,0.0
34,0.05,0.0
34,0.07500000000000000,0.0
34,0.1,0.0
34,0.125,0.0
34,0.15000000000000000,0.0
34,0.17500000000000000,0.0
34,0.2,0.0
34,0.225,0.0
34,0.25,0.0
34,0.275,0.0
34,0.30000000000000000,0.0
34,0.325,0.0
34,0.35000000000000000,0.0
34,0.375,0.0
34,0.4,0.0
34,0.42500000000000000,0.0
34,0.45,0.0
34,0.47500000000000000,0.0
34,0.5,0.0
34,0.525,0.0
34,0.55,0.0
34,0.5750000000000000,0.0
34,0.6000000000000000,0.0
34,0.625,0.0
34,0.65,0.0
34,0.675,0.0
34,0.7000000000000000,0.0
34,0.7250000000000000,0.0
34,0.75,0.0
34,0.775,0.0
34,0.8,0.0
34,0.8250000000000000,0.0
34,0.8500000000000000,0.0
34,0.875,0.0
34,0.9,0.0
34,0.925,0.0
34,0.9500000000000000,0.0
34,0.9750000000000000,0.0
34,1.0,0.0
35,0.0,0.0
35,0.025,0.0
35,0.05,0.0
35,0.07500000000000000,0.0
35,0.1,0.0
35,0.125,0.0
35,0.15000000000000000,0.0
35,0.17500000000000000,0.0
35,0.2,0.0
35,0.225,0.0
35,0.25,0.0
35,0.275,0.0
35,0.30000000000000000,0.0
35,0.325,0.0
35,0.35000000000000000,0.0
35,0.375,0.0
35,0.4,0.0
35,0.42500000000000000,0.0
35,0.45,0.0
35,0.47500000000000000,0.0
35,0.5,0.0
35,0.525,0.0
35,0.55,0.0
35,0.5750000000000000,0.0
35,0.6000000000000000,0.0
35,0.625,0.0
35,0.65,0.0
35,0.675,0.0
35,0.7000000000000000,0.0
35,0.7250000000000000,0.0
35,0.75,0.0
35,0.775,0.0
35,0.8,0.0
35,0.8250000000000000,0.0
35,0.8500000000000000,0.0
35,0.875,0.0
35,0.9,0.0
35,0.925,0.0
35,0.9500000000000000,0.0
35,0.9750000000000000,0.0
35,1.0,0.0
36,0.0,0.0
36,0.025,0.0
36,0.05,0.0
36,0.07500000000000000,0.0
36,0.1,0.0
36,0.125,0.0
36,0.15000000000000000,0.0
36,0.17500000000000000,0.0
36,0.2,0.0
36,0.225,0.0
36,0.25,0.0
36,0.275,0.0
36,0.30000000000000000,0.0
36,0.325,0.0
36,0.35000000000000000,0.0
36,0.375,0.0
36,0.4,0.0
36,0.42500000000000000,0.0
36,0.45,0.0
36,0.47500000000000000,0.0
36,0.5,0.0
36,0.525,0.0
36,0.55,0.0
36,0.5750000000000000,0.0
36,0.6000000000000000,0.0
36,0.625,0.0
36,0.65,0.0
36,0.675,0.0
36,0.7000000000000000,0.0
36,0.7250000000000000,0.0
36,0.75,0.0
36,0.775,0.0
36,0.8,0.0
36,0.8250000000000000,0.0
36,0.8500000000000000,0.0
36,0.875,0.0
36,0.9,0.0
36,0.925,0.0
36,0.9500000000000000,0.0
36,0.9750000000000000,0.0
36,1.0,0.0
37,0.0,0.0
37,0.025,0.0
37,0.05,0.0
37,0.07500000000000000,0.0
37,0.1,0.0
37,0.125,0.0
37,0.15000000000000000,0.0
37,0.17500000000000000,0.0
37,0.2,0.0
37,0.225,0.0
37,0.25,0.0
37,0.275,0.0
37,0.30000000000000000,0.0
37,0.325,0.0
37,0.35000000000000000,0.0
37,0.375,0.0
37,0.4,0.0
37,0.42500000000000000,0.0
37,0.45,0.0
37,0.47500000000000000,0.0
37,0.5,0.0
37,0.525,0.0
37,0.55,0.0
37,0.5750000000000000,0.0
37,0.6000000000000000,0.0
37,0.625,0.0
37,0.65,0.0
37,0.675,0.0
37,0.7000000000000000,0.0
37,0.7250000000000000,0.0
37,0.75,0.0
37,0.775,0.0
37,0.8,0.0
37,0.8250000000000000,0.0
37,0.8500000000000000,0.0
37,0.875,0.0
37,0.9,0.0
37,0.925,0.0
37,0.9500000000000000,0.0
37,0.9750000000000000,0.0
37,1.0,0.0
38,0.0,0.0
38,0.025,0.0
38,0.05,0.0
38,0.07500000000000000,0.0
38,0.1,0.0
38,0.125,0.0
38,0.15000000000000000,0.0
38,0.17500000000000000,0.0
38,0.2,0.0
38,0.225,0.0
38,0.25,0.0
38,0.275,0.0
38,0.30000000000000000,0.0
38,0.325,0.0
38,0.35000000000000000,0.0
38,0.375,0.0
38,0.4,0.0
38,0.42500000000000000,0.0
38,0.45,0.0
38,0.47500000000000000,0.0
38,0.5,0.0
38,0.525,0.0
38,0.55,0.0
38,0.5750000000000000,0.0
38,0.6000000000000000,0.0
38,0.625,0.0
38,0.65,0.0
38,0.675,0.0
38,0.7000000000000000,0.0
38,0.7250000000000000,0.0
38,0.75,0.0
38,0.775,0.0
38,0.8,0.0
38,0.8250000000000000,0.0
38,0.8500000000000000,0.0
38,0.875,0.0
38,0.9,0.0
38,0.925,0.0
38,0.9500000000000000,0.0
38,0.9750000000000000,0.0
38,1.0,0.0
39,0.0,0.0
39,0.025,0.0
39,0.05,0.0
39,0.07500000000000000,0.0
39,0.1,0.0
39,0.125,0.0
39,0.15000000000000000,0.0
39,0.17500000000000000,0.0
39,0.2,0.0
39,0.225,0.0
39,0.25,0.0
39,0.275,0.0
39,0.30000000000000000,0.0
39,0.325,0.0
39,0.35000000000000000,0.0
39,0.375,0.0
39,0.4,0.0
39,0.42500000000000000,0.0
39,0.45,0.0
39,0.47500000000000000,0.0
39,0.5,0.0
39,0.525,0.0
39,0.55,0.0
39,0.5750000000000000,0.0
39,0.6000000000000000,0.0
39,0.625,0.0
39,0.65,0.0
39,0.675,0.0
39,0.7000000000000000,0.0
39,0.7250000000000000,0.0
39,0.75,0.0
39,0.775,0.0
39,0.8,0.0
39,0.8250000000000000,0.0
39,0.8500000000000000,0.0
39,0.875,0.0
39,0.9,0.0
39,0.925,0.0
39,0.9500000000000000,0.0
39,0.9750000000000000,0.0
39,1.0,0.0
40,0.0,0.0
40,0.025,0.0
40,0.05,0.0
40,0.07500000000000000,0.0
40,0.1,0.0
40,0.125,0.0
40,0.15000000000000000,0.0
40,0.17500000000000000,0.0
40,0.2,0.0
40,0.225,0.0
40,0.25,0.0
40,0.275,0.0
40,0.30000000000000000,0.0
40,0.325,0.0
40,0.35000000000000000,0.0
40,0.375,0.0
40,0.4,0.0
40,0.42500000000000000,0.0
40,0.45,0.0
40,0.47500000000000000,0.0
40,0.5,0.0
40,0.525,0.0
40,0.55,0.0
40,0.5750000000000000,0.0
40,0.6000000000000000,0.0
40,0.625,0.0
40,0.65,0.0
40,0.675,0.0
40,0.7000000000000000,0.0
40,0.7250000000000000,0.0
40,0.75,0.0
40,0.775,0.0
40,0.8,0.0
40,0.8250000000000000,0.0
40,0.8500000000000000,0.0
40,0.875,0.0
40,0.9,0.0
40,0.925,0.0
40,0.9500000000000000,0.0
40,0.9750000000000000,0.0
40,1.0,0.0
41,0.0,0.0
41,0.025,0.0
41,0.05,0.0
41,0.07500000000000000,0.0
41,0.1,0.0
41,0.125,0.0
41,0.15000000000000000,0.0
41,0.17500000000000000,0.0
41,0.2,0.0
41,0.225,0.0
41,0.25,0.0
41,0.275,0.0
41,0.30000000000000000,0.0
41,0.325,0.0
41,0.35000000000000000,0.0
41,0.375,0.0
41,0.4,0.0
41,0.42500000000000000,0.0
41,0.45,0.0
41,0.47500000000000000,0.0
41,0.5,0.0
41,0.525,0.0
41,0.55,0.0
41,0.5750000000000000,0.0
41,0.6000000000000000,0.0
41,0.625,0.0
41,0.65,0.0
41,0.675,0.0
41,0.7000000000000000,0.0
41,0.7250000000000000,0.0
41,0.75,0.0
41,0.775,0.0
41,0.8,0.0
41,0.8250000000000000,0.0
41,0.8500000000000000,0.0
41,0.875,0.0
41,0.9,0.0
41,0.925,0.0
41,0.9500000000000000,0.0
41,0.9750000000000000,0.0
41,1.0,0.0
42,0.0,0.0
42,0.025,0.0
42,0.05,0.0
42,0.07500000000000000,0.0
42,0.1,0.0
42,0.125,0.0
42,0.15000000000000000,0.0
42,0.17500000000000000,0.0
42,0.2,0.0
42,0.225,0.0
42,0.25,0.0
42,0.275,0.0
42,0.30000000000000000,0.0
42,0.325,0.0
42,0.35000000000000000,0.0
42,0.375,0.0
42,0.4,0.0
42,0.42500000000000000,0.0
42,0.45,0.0
42,0.47500000000000000,0.0
42,0.5,0.0
42,0.525,0.0
42,0.55,0.0
42,0.5750000000000000,0.0
42,0.6000000000000000,0.0
42,0.625,0.0
42,0.65,0.0
42,0.675,0.0
42,0.7000000000000000,0.0
42,0.7250000000000000,0.0
42,0.75,0.0
42,0.775,0.0
42,0.8,0.0
42,0.8250000000000000,0.0
42,0.8500000000000000,0.0
42,0.875,0.0
42,0.9,0.0
42,0.925,0.0
42,0.9500000000000000,0.0
42,0.9750000000000000,0.0
42,1.0,0.0
43,0.0,0.0
43,0.025,0.0
43,0.05,0.0
43,0.07500000000000000,0.0
43,0.1,0.0
43,0.125,0.0
43,0.15000000000000000,0.0
43,0.17500000000000000,0.0
43,0.2,0.0
43,0.225,0.0
43,0.25,0.0
43,0.275,0.0
43,0.30000000000000000,0.0
43,0.325,0.0
43,0.35000000000000000,0.0
43,0.375,0.0
43,0.4,0.0
43,0.42500000000000000,0.0
43,0.45,0.0
43,0.47500000000000000,0.0
43,0.5,0.0
43,0.525,0.0
43,0.55,0.0
43,0.5750000000000000,0.0
43,0.6000000000000000,0.0
43,0.625,0.0
43,0.65,0.0
43,0.675,0.0
43,0.7000000000000000,0.0
43,0.7250000000000000,0.0
43,0.75,0.0
43,0.775,0.0
43,0.8,0.0
43,0.8250000000000000,0.0
43,0.8500000000000000,0.0
43,0.875,0.0
43,0.9,0.0
43,0.925,0.0
43,0.9500000000000000,0.0
43,0.9750000000000000,0.0
43,1.0,0.0
44,0.0,0.0
44,0.025,0.0
44,0.05,0.0
44,0.07500000000000000,0.0
44,0.1,0.0
44,0.125,0.0
44,0.15000000000000000,0.0
44,0.17500000000000000,0.0
44,0.2,0.0
44,0.225,0.0
44,0.25,0.0
44,0.275,0.0
44,0.30000000000000000,0.0
44,0.325,0.0
44,0.35000000000000000,0.0
44,0.375,0.0
44,0.4,0.0
44,0.42500000000000000,0.0
44,0.45,0.0
44,0.47500000000000000,0.0
44,0.5,0.0
44,0.525,0.0
44,0.55,0.0
44,0.5750000000000000,0.0
44,0.6000000000000000,0.0
44,0.625,0.0
44,0.65,0.0
44,0.675,0.0
44,0.7000000000000000,0.0
44,0.7250000000000000,0.0
44,0.75,0.0
44,0.775,0.0
44,0.8,0.0
44,0.8250000000000000,0.0
44,0.8500000000000000,0.0
44,0.875,0.0
44,0.9,0.0
44,0.925,0.0
44,0.9500000000000000,0.0
44,0.9750000000000000,0.0
44,1.0,0.0
45,0.0,0.0
45,0.025,0.0
45,0.05,0.0
45,0.07500000000000000,0.0
45,0.1,0.0
45,0.125,0.0
45,0.15000000000000000,0.0
45,0.17500000000000000,0.0
45,0.2,0.0
45,0.225,0.0
45,0.25,0.0
45,0.275,0.0
45,0.30000000000000000,0.0
45,0.325,0.0
45,0.35000000000000000,0.0
45,0.375,0.0
45,0.4,0.0
45,0.42500000000000000,0.0
45,0.45,0.0
45,0.47500000000000000,0.0
45,0.5,0.0
45,0.525,0.0
45,0.55,0.0
45,0.5750000000000000,0.0
45,0.6000000000000000,0.0
45,0.625,0.0
45,0.65,0.0
45,0.675,0.0
45,0.7000000000000000,0.0
45,0.7250000000000000,0.0
45,0.75,0.0
45,0.775,0.0
45,0.8,0.0
45,0.8250000000000000,0.0
45,0.8500000000000000,0.0
45,0.875,0.0
45,0.9,0.0
45,0.925,0.0
45,0.9500000000000000,0.0
45,0.9750000000000000,0.0
45,1.0,0.0
46,0.0,0.0
46,0.025,0.0
46,0.05,0.0
46,0.07500000000000000,0.0
46,0.1,0.0
46,0.125,0.0
46,0.15000000000000000,0.0
46,0.17500000000000000,0.0
46,0.2,0.0
46,0.225,0.0
46,0.25,0.0
46,0.275,0.0
46,0.30000000000000000,0.0
46,0.325,0.0
46,0.35000000000000000,0.0
46,0.375,0.0
46,0.4,0.0
46,0.42500000000000000,0.0
46,0.45,0.0
46,0.47500000000000000,0.0
46,0.5,0.0
46,0.525,0.0
46,0.55,0.0
46,0.5750000000000000,0.0
46,0.6000000000000000,0.0
46,0.625,0.0
46,0.65,0.0
46,0.675,0.0
46,0.7000000000000000,0.0
46,0.7250000000000000,0.0
46,0.75,0.0
46,0.775,0.0
46,0.8,0.0
46,0.8250000000000000,0.0
46,0.8500000000000000,0.0
46,0.875,0.0
46,0.9,0.0
46,0.925,0.0
46,0.9500000000000000,0.0
46,0.9750000000000000,0.0
46,1.0,0.0
47,0.0,0.0
47,0.025,0.0
47,0.05,0.0
47,0.07500000000000000,0.0
47,0.1,0.0
47,0.125,0.0
47,0.15000000000000000,0.0
47,0.17500000000000000,0.0
47,0.2,0.0
47,0.225,0.0
47,0.25,0.0
47,0.275,0.0
47,0.30000000000000000,0.0
47,0.325,0.0
47,0.35000000000000000,0.0
47,0.375,0.0
47,0.4,0.0
47,0.42500000000000000,0.0
47,0.45,0.0
47,0.47500000000000000,0.0
47,0.5,0.0
47,0.525,0.0
47,0.55,0.0
47,0.5750000000000000,0.0
47,0.6000000000000000,0.0
47,0.625,0.0
47,0.65,0.0
47,0.675,0.0
47,0.7000000000000000,0.0
47,0.7250000000000000,0.0
47,0.75,0.0
47,0.775,0.0
47,0.8,0.0
47,0.8250000000000000,0.0
47,0.8500000000000000,0.0
47,0.875,0.0
47,0.9,0.0
47,0.925,0.0
47,0.9500000000000000,0.0
47,0.9750000000000000,0.0
47,1.0,0.0
48,0.0,0.0
48,0.025,0.0
48,0.05,0.0
48,0.07500000000000000,0.0
48,0.1,0.0
48,0.125,0.0
48,0.15000000000000000,0.0
48,0.17500000000000000,0.0
48,0.2,0.0
48,0.225,0.0
48,0.25,0.0
48,0.275,0.0
48,0.30000000000000000,0.0
48,0.325,0.0
48,0.35000000000000000,0.0
48,0.375,0.0
48,0.4,0.0
48,0.42500000000000000,0.0
48,0.45,0.0
48,0.47500000000000000,0.0
48,0.5,0.0
48,0.525,0.0
48,0.55,0.0
48,0.5750000000000000,0.0
48,0.6000000000000000,0.0
48,0.625,0.0
48,0.65,0.0
48,0.675,0.0
48,0.7000000000000000,0.0
48,0.7250000000000000,0.0
48,0.75,0.0
48,0.775,0.0
48,0.8,0.0
48,0.8250000000000000,0.0
48,0.8500000000000000,0.0
48,0.875,0.0
48,0.9,0.0
48,0.925,0.0
48,0.9500000000000000,0.0
48,0.9750000000000000,0.0
48,1.0,0.0
49,0.0,0.0
49,0.025,0.0
49,0.05,0.0
49,0.07500000000000000,0.0
49,0.1,0.0
49,0.125,0.0
49,0.15000000000000000,0.0
49,0.17500000000000000,0.0
49,0.2,0.0
49,0.225,0.0
49,0.25,0.0
49,0.275,0.0
49,0.30000000000000000,0.0
49,0.325,0.0
49,0.35000000000000000,0.0
49,0.375,0.0
49,0.4,0.0
49,0.42500000000000000,0.0
49,0.45,0.0
49,0.47500000000000000,0.0
49,0.5,0.0
49,0.525,0.0
49,0.55,0.0
49,0.5750000000000000,0.0
49,0.6000000000000000,0.0
49,0.625,0.0
49,0.65,0.0
49,0.675,0.0
49,0.7000000000000000,0.0
49,0.7250000000000000,0.0
49,0.75,0.0
49,0.775,0.0
49,0.8,0.0
49,0.8250000000000000,0.0
49,0.8500000000000000,0.0
49,0.875,0.0
49,0.9,0.0
49,0.925,0.0
49,0.9500000000000000,0.0
49,0.9750000000000000,0.0
49,1.0,0.0
50,0.0,0.0
50,0.025,0.0
50,0.05,0.0
50,0.07500000000000000,0.0
50,0.1,0.0
50,0.125,0.0
50,0.15000000000000000,0.0
50,0.17500000000000000,0.0
50,0.2,0.0
50,0.225,0.0
50,0.25,0.0
50,0.275,0.0
50,0.30000000000000000,0.0
50,0.325,0.0
50,0.35000000000000000,0.0
50,0.375,0.0
50,0.4,0.0
50,0.42500000000000000,0.0
50,0.45,0.0
50,0.47500000000000000,0.0
50,0.5,0.0
50,0.525,0.0
50,0.55,0.0
50,0.5750000000000000,0.0
50,0.6000000000000000,0.0
50,0.625,0.0
50,0.65,0.0
50,0.675,0.0
50,0.7000000000000000,0.0
50,0.7250000000000000,0.0
50,0.75,0.0
50,0.775,0.0
50,0.8,0.0
50,0.8250000000000000,0.0
50,0.8500000000000000,0.0
50,0.875,0.0
50,0.9,0.0
50,0.925,0.0
50,0.9500000000000000,0.0
50,0.9750000000000000,0.0
50,1.0,0.0
51,0.0,0.0
51,0.025,0.0
51,0.05,0.0
51,0.07500000000000000,0.0
51,0.1,0.0
51,0.125,0.0
51,0.15000000000000000,0.0
51,0.17500000000000000,0.0
51,0.2,0.0
51,0.225,0.0
51,0.25,0.0
51,0.275,0.0
51,0.30000000000000000,0.0
51,0.325,0.0
51,0.35000000000000000,0.0
51,0.375,0.0
51,0.4,0.0
51,0.42500000000000000,0.0
51,0.45,0.0
51,0.47500000000000000,0.0
51,0.5,0.0
51,0.525,0.0
51,0.55,0.0
51,0.5750000000000000,0.0
51,0.6000000000000000,0.0
51,0.625,0.0
51,0.65,0.0
51,0.675,0.0
51,0.7000000000000000,0.0
51,0.7250000000000000,0.0
51,0.75,0.0
51,0.775,0.0
51,0.8,0.0
51,0.8250000000000000,0.0
51,0.8500000000000000,0.0
51,0.875,0.0
51,0.9,0.0
51,0.925,0.0
51,0.9500000000000000,0.0
51,0.9750000000000000,0.0
51,1.0,0.0
52,0.0,0.0
52,0.025,0.0
52,0.05,0.0
52,0.07500000000000000,0.0
52,0.1,0.0
52,0.125,0.0
52,0.15000000000000000,0.0
52,0.17500000000000000,0.0
52,0.2,0.0
52,0.225,0.0
52,0.25,0.0
52,0.275,0.0
52,0.30000000000000000,0.0
52,0.325,0.0
52,0.35000000000000000,0.0
52,0.375,0.0
52,0.4,0.0
52,0.42500000000000000,0.0
52,0.45,0.0
52,0.47500000000000000,0.0
52,0.5,0.0
52,0.525,0.0
52,0.55,0.0
52,0.5750000000000000,0.0
52,0.6000000000000000,0.0
52,0.625,0.0
52,0.65,0.0
52,0.675,0.0
52,0.7000000000000000,0.0
52,0.7250000000000000,0.0
52,0.75,0.0
52,0.775,0.0
52,0.8,0.0
52,0.8250000000000000,0.0
52,0.8500000000000000,0.0
52,0.875,0.0
52,0.9,0.0
52,0.925,0.0
52,0.9500000000000000,0.0
52,0.9750000000000000,0.0
52,1.0,0.0
53,0.0,0.0
53,0.025,0.0
53,0.05,0.0
53,0.07500000000000000,0.0
53,0.1,0.0
53,0.125,0.0
53,0.15000000000000000,0.0
53,0.17500000000000000,0.0
53,0.2,0.0
53,0.225,0.0
53,0.25,0.0
53,0.275,0.0
53,0.30000000000000000,0.0
53,0.325,0.0
53,0.35000000000000000,0.0
53,0.375,0.0
53,0.4,0.0
53,0.42500000000000000,0.0
53,0.45,0.0
53,0.47500000000000000,0.0
53,0.5,0.0
53,0.525,0.0
53,0.55,0.0
53,0.5750000000000000,0.0
53,0.6000000000000000,0.0
53,0.625,0.0
53,0.65,0.0
53,0.675,0.0
53,0.7000000000000000,0.0
53,0.7250000000000000,0.0
53,0.75,0.0
53,0.775,0.0
53,0.8,0.0
53,0.8250000000000000,0.0
53,0.8500000000000000,0.0
53,0.875,0.0
53,0.9,0.0
53,0.925,0.0
53,0.9500000000000000,0.0
53,0.9750000000000000,0.0
53,1.0,0.0
54,0.0,0.0
54,0.025,0.0
54,0.05,0.0
54,0.07500000000000000,0.0
54,0.1,0.0
54,0.125,0.0
54,0.15000000000000000,0.0
54,0.17500000000000000,0.0
54,0.2,0.0
54,0.225,0.0
54,0.25,0.0
54,0.275,0.0
54,0.30000000000000000,0.0
54,0.325,0.0
54,0.35000000000000000,0.0
54,0.375,0.0
54,0.4,0.0
54,0.42500000000000000,0.0
54,0.45,0.0
54,0.47500000000000000,0.0
54,0.5,0.0
54,0.525,0.0
54,0.55,0.0
54,0.5750000000000000,0.0
54,0.6000000000000000,0.0
54,0.625,0.0
54,0.65,0.0
54,0.675,0.0
54,0.7000000000000000,0.0
54,0.7250000000000000,0.0
54,0.75,0.0
54,0.775,0.0
54,0.8,0.0
54,0.8250000000000000,0.0
54,0.8500000000000000,0.0
54,0.875,0.0
54,0.9,0.0
54,0.925,0.0
54,0.9500000000000000,0.0
54,0.9750000000000000,0.0
54,1.0,0.0
55,0.0,0.0
55,0.025,0.0
55,0.05,0.0
55,0.07500000000000000,0.0
55,0.1,0.0
55,0.125,0.0
55,0.15000000000000000,0.0
55,0.17500000000000000,0.0
55,0.2,0.0
55,0.225,0.0
55,0.25,0.0
55,0.275,0.0
55,0.30000000000000000,0.0
55,0.325,0.0
55,0.35000000000000000,0.0
55,0.375,0.0
55,0.4,0.0
55,0.42500000000000000,0.0
55,0.45,0.0
55,0.47500000000000000,0.0
55,0.5,0.0
55,0.525,0.0
55,0.55,0.0
55,0.5750000000000000,0.0
55,0.6000000000000000,0.0
55,0.625,0.0
55,0.65,0.0
55,0.675,0.0
55,0.7000000000000000,0.0
55,0.7250000000000000,0.0
55,0.75,0.0
55,0.775,0.0
55,0.8,0.0
55,0.8250000000000000,0.0
55,0.8500000000000000,0.0
55,0.875,0.0
55,0.9,0.0
55,0.925,0.0
55,0.9500000000000000,0.0
55,0.9750000000000000,0.0
55,1.0,0.0
56,0.0,0.0
56,0.025,0.0
56,0.05,0.0
56,0.07500000000000000,0.0
56,0.1,0.0
56,0.125,0.0
56,0.15000000000000000,0.0
56,0.17500000000000000,0.0
56,0.2,0.0
56,0.225,0.0
56,0.25,0.0
56,0.275,0.0
56,0.30000000000000000,0.0
56,0.325,0.0
56,0.35000000000000000,0.0
56,0.375,0.0
56,0.4,0.0
56,0.42500000000000000,0.0
56,0.45,0.0
56,0.47500000000000000,0.0
56,0.5,0.0
56,0.525,0.0
56,0.55,0.0
56,0.5750000000000000,0.0
56,0.6000000000000000,0.0
56,0.625,0.0
56,0.65,0.0
56,0.675,0.0
56,0.7000000000000000,0.0
56,0.7250000000000000,0.0
56,0.75,0.0
56,0.775,0.0
56,0.8,0.0
56,0.8250000000000000,0.0
56,0.8500000000000000,0.0
56,0.875,0.0
56,0.9,0.0
56,0.925,0.0
56,0.9500000000000000,0.0
56,0.9750000000000000,0.0
56,1.0,0.0
57,0.0,0.0
57,0.025,0.0
57,0.05,0.0
57,0.07500000000000000,0.0
57,0.1,0.0
57,0.125,0.0
57,0.15000000000000000,0.0
57,0.17500000000000000,0.0
57,0.2,0.0
57,0.225,0.0
57,0.25,0.0
57,0.275,0.0
57,0.30000000000000000,0.0
57,0.325,0.0
57,0.35000000000000000,0.0
57,0.375,0.0
57,0.4,0.0
57,0.42500000000000000,0.0
57,0.45,0.0
57,0.47500000000000000,0.0
57,0.5,0.0
57,0.525,0.0
57,0.55,0.0
57,0.5750000000000000,0.0
57,0.6000000000000000,0.0
57,0.625,0.0
57,0.65,0.0
57,0.675,0.0
57,0.7000000000000000,0.0
57,0.7250000000000000,0.0
57,0.75,0.0
57,0.775,0.0
57,0.8,0.0
57,0.8250000000000000,0.0
57,0.8500000000000000,0.0
57,0.875,0.0
57,0.9,0.0
57,0.925,0.0
57,0.9500000000000000,0.0
57,0.9750000000000000,0.0
57,1.0,0.0
58,0.0,0.0
58,0.025,0.0
58,0.05,0.0
58,0.07500000000000000,0.0
58,0.1,0.0
58,0.125,0.0
58,0.15000000000000000,0.0
58,0.17500000000000000,0.0
58,0.2,0.0
58,0.225,0.0
58,0.25,0.0
58,0.275,0.0
58,0.30000000000000000,0.0
58,0.325,0.0
58,0.35000000000000000,0.0
58,0.375,0.0
58,0.4,0.0
58,0.42500000000000000,0.0
58,0.45,0.0
58,0.47500000000000000,0.0
58,0.5,0.0
58,0.525,0.0
58,0.55,0.0
58,0.5750000000000000,0.0
58,0.6000000000000000,0.0
58,0.625,0.0
58,0.65,0.0
58,0.675,0.0
58,0.7000000000000000,0.0
58,0.7250000000000000,0.0
58,0.75,0.0
58,0.775,0.0
58,0.8,0.0
58,0.8250000000000000,0.0
58,0.8500000000000000,0.0
58,0.875,0.0
58,0.9,0.0
58,0.925,0.0
58,0.9500000000000000,0.0
58,0.9750000000000000,0.0
58,1.0,0.0
59,0.0,0.0
59,0.025,0.0
59,0.05,0.0
59,0.07500000000000000,0.0
59,0.1,0.0
59,0.125,0.0
59,0.15000000000000000,0.0
59,0.17500000000000000,0.0
59,0.2,0.0
59,0.225,0.0
59,0.25,0.0
59,0.275,0.0
59,0.30000000000000000,0.0
59,0.325,0.0
59,0.35000000000000000,0.0
59,0.375,0.0
59,0.4,0.0
59,0.42500000000000000,0.0
59,0.45,0.0
59,0.47500000000000000,0.0
59,0.5,0.0
59,0.525,0.0
59,0.55,0.0
59,0.5750000000000000,0.0
59,0.6000000000000000,0.0
59,0.625,0.0
59,0.65,0.0
59,0.675,0.0
59,0.7000000000000000,0.0
59,0.7250000000000000,0.0
59,0.75,0.0
59,0.775,0.0
59,0.8,0.0
59,0.8250000000000000,0.0
59,0.8500000000000000,0.0
59,0.875,0.0
59,0.9,0.0
59,0.925,0.0
59,0.9500000000000000,0.0
59,0.9750000000000000,0.0
59,1.0,0.0
60,0.0,0.0
60,0.025,0.0
60,0.05,0.0
60,0.07500000000000000,0.0
60,0.1,0.0
60,0.125,0.0
60,0.15000000000000000,0.0
60,0.17500000000000000,0.0
60,0.2,0.0
60,0.225,0.0
60,0.25,0.0
60,0.275,0.0
60,0.30000000000000000,0.0
60,0.325,0.0
60,0.35000000000000000,0.0
60,0.375,0.0
60,0.4,0.0
60,0.42500000000000000,0.0
60,0.45,0.0
60,0.47500000000000000,0.0
60,0.5,0.0
60,0.525,0.0
60,0.55,0.0
60,0.5750000000000000,0.0
60,0.6000000000000000,0.0
60,0.625,0.0
60,0.65,0.0
60,0.675,0.0
60,0.7000000000000000,0.0
60,0.7250000000000000,0.0
60,0.75,0.0
60,0.775,0.0
60,0.8,0.0
60,0.8250000000000000,0.0
60,0.8500000000000000,0.0
60,0.875,0.0
60,0.9,0.0
60,0.925,0.0
60,0.9500000000000000,0.0
60,0.9750000000000000,0.0
60,1.0,0.0
61,0.0,0.0
61,0.025,0.0
61,0.05,0.0
61,0.07500000000000000,0.0
61,0.1,0.0
61,0.125,0.0
61,0.15000000000000000,0.0
61,0.17500000000000000,0.0
61,0.2,0.0
61,0.225,0.0
61,0.25,0.0
61,0.275,0.0
61,0.30000000000000000,0.0
61,0.325,0.0
61,0.35000000000000000,0.0
61,0.375,0.0
61,0.4,0.0
61,0.42500000000000000,0.0
61,0.45,0.0
61,0.47500000000000000,0.0
61,0.5,0.0
61,0.525,0.0
61,0.55,0.0
61,0.5750000000000000,0.0
61,0.6000000000000000,0.0
61,0.625,0.0
61,0.65,0.0
61,0.675,0.0
61,0.7000000000000000,0.0
61,0.7250000000000000,0.0
61,0.75,0.0
61,0.775,0.0
61,0.8,0.0
61,0.8250000000000000,0.0
61,0.8500000000000000,0.0
61,0.875,0.0
61,0.9,0.0
61,0.925,0.0
61,0.9500000000000000,0.0
61,0.9750000000000000,0.0
61,1.0,0.0
62,0.0,0.0
62,0.025,0.0
62,0.05,0.0
62,0.07500000000000000,0.0
62,0.1,0.0
62,0.125,0.0
62,0.15000000000000000,0.0
62,0.17500000000000000,0.0
62,0.2,0.0
62,0.225,0.0
62,0.25,0.0
62,0.275,0.0
62,0.30000000000000000,0.0
62,0.325,0.0
62,0.35000000000000000,0.0
62,0.375,0.0
62,0.4,0.0
62,0.42500000000000000,0.0
62,0.45,0.0
62,0.47500000000000000,0.0
62,0.5,0.0
62,0.525,0.0
62,0.55,0.0
62,0.5750000000000000,0.0
62,0.6000000000000000,0.0
62,0.625,0.0
62,0.65,0.0
62,0.675,0.0
62,0.7000000000000000,0.0
62,0.7250000000000000,0.0
62,0.75,0.0
62,0.775,0.0
62,0.8,0.0
62,0.8250000000000000,0.0
62,0.8500000000000000,0.0
62,0.875,0.0
62,0.9,0.0
62,0.925,0.0
62,0.9500000000000000,0.0
62,0.9750000000000000,0.0
62,1.0,0.0
63,0.0,0.0
63,0.025,0.0
63,0.05,0.0
63,0.07500000000000000,0.0
63,0.1,0.0
63,0.125,0.0
63,0.15000000000000000,0.0
63,0.17500000000000000,0.0
63,0.2,0.0
63,0.225,0.0
63,0.25,0.0
63,0.275,0.0
63,0.30000000000000000,0.0
63,0.325,0.0
63,0.35000000000000000,0.0
63,0.375,0.0
63,0.4,0.0
63,0.42500000000000000,0.0
63,0.45,0.0
63,0.47500000000000000,0.0
63,0.5,0.0
63,0.525,0.0
63,0.55,0.0
63,0.5750000000000000,0.0
63,0.6000000000000000,0.0
63,0.625,0.0
63,0.65,0.0
63,0.675,0.0
63,0.7000000000000000,0.0
63,0.7250000000000000,0.0
63,0.75,0.0
63,0.775,0.0
63,0.8,0.0
63,0.8250000000000000,0.0
63,0.8500000000000000,0.0
63,0.875,0.0
63,0.9,0.0
63,0.925,0.0
63,0.9500000000000000,0.0
63,0.9750000000000000,0.0
63,1.0,0.0
64,0.0,0.0
64,0.025,0.0
64,0.05,0.0
64,0.07500000000000000,0.0
64,0.1,0.0
64,0.125,0.0
64,0.15000000000000000,0.0
64,0.17500000000000000,0.0
64,0.2,0.0
64,0.225,0.0
64,0.25,0.0
64,0.275,0.0
64,0.30000000000000000,0.0
64,0.325,0.0
64,0.35000000000000000,0.0
64,0.375,0.0
64,0.4,0.0
64,0.42500000000000000,0.0
64,0.45,0.0
64,0.47500000000000000,0.0
64,0.5,0.0
64,0.525,0.0
64,0.55,0.0
64,0.5750000000000000,0.0
64,0.6000000000000000,0.0
64,0.625,0.0
64,0.65,0.0
64,0.675,0.0
64,0.7000000000000000,0.0
64,0.7250000000000000,0.0
64,0.75,0.0
64,0.775,0.0
64,0.8,0.0
64,0.8250000000000000,0.0
64,0.8500000000000000,0.0
64,0.875,0.0
64,0.9,0.0
64,0.925,0.0
64,0.9500000000000000,0.0
64,0.9750000000000000,0.0
64,1.0,0.0
65,0.0,0.0
65,0.025,0.0
65,0.05,0.0
65,0.07500000000000000,0.0
65,0.1,0.0
65,0.125,0.0
65,0.15000000000000000,0.0
65,0.17500000000000000,0.0
65,0.2,0.0
65,0.225,0.0
65,0.25,0.0
65,0.275,0.0
65,0.30000000000000000,0.0
65,0.325,0.0
65,0.35000000000000000,0.0
65,0.375,0.0
65,0.4,0.0
65,0.42500000000000000,0.0
65,0.45,0.0
65,0.47500000000000000,0.0
65,0.5,0.0
65,0.525,0.0
65,0.55,0.0
65,0.5750000000000000,0.0
65,0.6000000000000000,0.0
65,0.625,0.0
65,0.65,0.0
65,0.675,0.0
65,0.7000000000000000,0.0
65,0.7250000000000000,0.0
65,0.75,0.0
65,0.775,0.0
65,0.8,0.0
65,0.8250000000000000,0.0
65,0.8500000000000000,0.0
65,0.875,0.0
65,0.9,0.0
65,0.925,0.0
65,0.9500000000000000,0.0
65,0.9750000000000000,0.0
65,1.0,0.0
66,0.0,0.0
66,0.025,0.0
66,0.05,0.0
66,0.07500000000000000,0.0
66,0.1,0.0
66,0.125,0.0
66,0.15000000000000000,0.0
66,0.17500000000000000,0.0
66,0.2,0.0
66,0.225,0.0
66,0.25,0.0
66,0.275,0.0
66,0.30000000000000000,0.0
66,0.325,0.0
66,0.35000000000000000,0.0
66,0.375,0.0
66,0.4,0.0
66,0.42500000000000000,0.0
66,0.45,0.0
66,0.47500000000000000,0.0
66,0.5,0.0
66,0.525,0.0
66,0.55,0.0
66,0.5750000000000000,0.0
66,0.6000000000000000,0.0
66,0.625,0.0
66,0.65,0.0
66,0.675,0.0
66,0.7000000000000000,0.0
66,0.7250000000000000,0.0
66,0.75,0.0
66,0.775,0.0
66,0.8,0.0
66,0.8250000000000000,0.0
66,0.8500000000000000,0.0
66,0.875,0.0
66,0.9,0.0
66,0.925,0.0
66,0.9500000000000000,0.0
66,0.9750000000000000,0.0
66,1.0,0.0
67,0.0,0.0
67,0.025,0.0
67,0.05,0.0
67,0.07500000000000000,0.0
67,0.1,0.0
67,0.125,0.0
67,0.15000000000000000,0.0
67,0.17500000000000000,0.0
67,0.2,0.0
67,0.225,0.0
67,0.25,0.0
67,0.275,0.0
67,0.30000000000000000,0.0
67,0.325,0.0
67,0.35000000000000000,0.0
67,0.375,0.0
67,0.4,0.0
67,0.42500000000000000,0.0
67,0.45,0.0
67,0.47500000000000000,0.0
67,0.5,0.0
67,0.525,0.0
67,0.55,0.0
67,0.5750000000000000,0.0
67,0.6000000000000000,0.0
67,0.625,0.0
67,0.65,0.0
67,0.675,0.0
67,0.7000000000000000,0.0
67,0.7250000000000000,0.0
67,0.75,0.0
67,0.775,0.0
67,0.8,0.0
67,0.8250000000000000,0.0
67,0.8500000000000000,0.0
67,0.875,0.0
67,0.9,0.0
67,0.925,0.0
67,0.9500000000000000,0.0
67,0.9750000000000000,0.0
67,1.0,0.0
68,0.0,0.0
68,0.025,0.0
68,0.05,0.0
68,0.07500000000000000,0.0
68,0.1,0.0
68,0.125,0.0
68,0.15000000000000000,0.0
68,0.17500000000000000,0.0
68,0.2,0.0
68,0.225,0.0
68,0.25,0.0
68,0.275,0.0
68,0.30000000000000000,0.0
68,0.325,0.0
68,0.35000000000000000,0.0
68,0.375,0.0
68,0.4,0.0
68,0.42500000000000000,0.0
68,0.45,0.0
68,0.47500000000000000,0.0
68,0.5,0.0
68,0.525,0.0
68,0.55,0.0
68,0.5750000000000000,0.0
68,0.6000000000000000,0.0
68,0.625,0.0
68,0.65,0.0
68,0.675,0.0
68,0.7000000000000000,0.0
68,0.7250000000000000,0.0
68,0.75,0.0
68,0.775,0.0
68,0.8,0.0
68,0.8250000000000000,0.0
68,0.8500000000000000,0.0
68,0.875,0.0
68,0.9,0.0
68,0.925,0.0
68,0.9500000000000000,0.0
68,0.9750000000000000,0.0
68,1.0,0.0
69,0.0,0.0
69,0.025,0.0
69,0.05,0.0
69,0.07500000000000000,0.0
69,0.1,0.0
69,0.125,0.0
69,0.15000000000000000,0.0
69,0.17500000000000000,0.0
69,0.2,0.0
69,0.225,0.0
69,0.25,0.0
69,0.275,0.0
69,0.30000000000000000,0.0
69,0.325,0.0
69,0.35000000000000000,0.0
69,0.375,0.0
69,0.4,0.0
69,0.42500000000000000,0.0
69,0.45,0.0
69,0.47500000000000000,0.0
69,0.5,0.0
69,0.525,0.0
69,0.55,0.0
69,0.5750000000000000,0.0
69,0.6000000000000000,0.0
69,0.625,0.0
69,0.65,0.0
69,0.675,0.0
69,0.7000000000000000,0.0
69,0.7250000000000000,0.0
69,0.75,0.0
69,0.775,0.0
69,0.8,0.0
69,0.8250000000000000,0.0
69,0.8500000000000000,0.0
69,0.875,0.0
69,0.9,0.0
69,0.925,0.0
69,0.9500000000000000,0.0
69,0.9750000000000000,0.0
69,1.0,0.0
70,0.0,0.0
70,0.025,0.0
70,0.05,0.0
70,0.07500000000000000,0.0
70,0.1,0.0
70,0.125,0.0
70,0.15000000000000000,0.0
70,0.17500000000000000,0.0
70,0.2,0.0
70,0.225,0.0
70,0.25,0.0
70,0.275,0.0
70,0.30000000000000000,0.0
70,0.325,0.0
70,0.35000000000000000,0.0
70,0.375,0.0
70,0.4,0.0
70,0.42500000000000000,0.0
70,0.45,0.0
70,0.47500000000000000,0.0
70,0.5,0.0
70,0.525,0.0
70,0.55,0.0
70,0.5750000000000000,0.0
70,0.6000000000000000,0.0
70,0.625,0.0
70,0.65,0.0
70,0.675,0.0
70,0.7000000000000000,0.0
70,0.7250000000000000,0.0
70,0.75,0.0
70,0.775,0.0
70,0.8,0.0
70,0.8250000000000000,0.0
70,0.8500000000000000,0.0
70,0.875,0.0
70,0.9,0.0
70,0.925,0.0
70,0.9500000000000000,0.0
70,0.9750000000000000,0.0
70,1.0,0.0
71,0.0,0.0
71,0.025,0.0
71,0.05,0.0
71,0.07500000000000000,0.0
71,0.1,0.0
71,0.125,0.0
71,0.15000000000000000,0.0
71,0.17500000000000000,0.0
71,0.2,0.0
71,0.225,0.0
71,0.25,0.0
71,0.275,0.0
71,0.30000000000000000,0.0
71,0.325,0.0
71,0.35000000000000000,0.0
71,0.375,0.0
71,0.4,0.0
71,0.42500000000000000,0.0
71,0.45,0.0
71,0.47500000000000000,0.0
71,0.5,0.0
71,0.525,0.0
71,0.55,0.0
71,0.5750000000000000,0.0
71,0.6000000000000000,0.0
71,0.625,0.0
71,0.65,0.0
71,0.675,0.0
71,0.7000000000000000,0.0
71,0.7250000000000000,0.0
71,0.75,0.0
71,0.775,0.0
71,0.8,0.0
71,0.8250000000000000,0.0
71,0.8500000000000000,0.0
71,0.875,0.0
71,0.9,0.0
71,0.925,0.0
71,0.9500000000000000,0.0
71,0.9750000000000000,0.0
71,1.0,0.0
72,0.0,0.0
72,0.025,0.0
72,0.05,0.0
72,0.07500000000000000,0.0
72,0.1,0.0
72,0.125,0.0
72,0.15000000000000000,0.0
72,0.17500000000000000,0.0
72,0.2,0.0
72,0.225,0.0
72,0.25,0.0
72,0.275,0.0
72,0.30000000000000000,0.0
72,0.325,0.0
72,0.35000000000000000,0.0
72,0.375,0.0
72,0.4,0.0
72,0.42500000000000000,0.0
72,0.45,0.0
72,0.47500000000000000,0.0
72,0.5,0.0
72,0.525,0.0
72,0.55,0.0
72,0.5750000000000000,0.0
72,0.6000000000000000,0.0
72,0.625,0.0
72,0.65,0.0
72,0.675,0.0
72,0.7000000000000000,0.0
72,0.7250000000000000,0.0
72,0.75,0.0
72,0.775,0.0
72,0.8,0.0
72,0.8250000000000000,0.0
72,0.8500000000000000,0.0
72,0.875,0.0
72,0.9,0.0
72,0.925,0.0
72,0.9500000000000000,0.0
72,0.9750000000000000,0.0
72,1.0,0.0
73,0.0,0.0
73,0.025,0.0
73,0.05,0.0
73,0.07500000000000000,0.0
73,0.1,0.0
73,0.125,0.0
73,0.15000000000000000,0.0
73,0.17500000000000000,0.0
73,0.2,0.0
73,0.225,0.0
73,0.25,0.0
73,0.275,0.0
73,0.30000000000000000,0.0
73,0.325,0.0
73,0.35000000000000000,0.0
73,0.375,0.0
73,0.4,0.0
73,0.42500000000000000,0.0
73,0.45,0.0
73,0.47500000000000000,0.0
73,0.5,0.0
73,0.525,0.0
73,0.55,0.0
73,0.5750000000000000,0.0
73,0.6000000000000000,0.0
73,0.625,0.0
73,0.65,0.0
73,0.675,0.0
73,0.7000000000000000,0.0
73,0.7250000000000000,0.0
73,0.75,0.0
73,0.775,0.0
73,0.8,0.0
73,0.8250000000000000,0.0
73,0.8500000000000000,0.0
73,0.875,0.0
73,0.9,0.0
73,0.925,0.0
73,0.9500000000000000,0.0
73,0.9750000000000000,0.0
73,1.0,0.0
74,0.0,0.0
74,0.025,0.0
74,0.05,0.0
74,0.07500000000000000,0.0
74,0.1,0.0
74,0.125,0.0
74,0.15000000000000000,0.0
74,0.17500000000000000,0.0
74,0.2,0.0
74,0.225,0.0
74,0.25,0.0
74,0.275,0.0
74,0.30000000000000000,0.0
74,0.325,0.0
74,0.35000000000000000,0.0
74,0.375,0.0
74,0.4,0.0
74,0.42500000000000000,0.0
74,0.45,0.0
74,0.47500000000000000,0.0
74,0.5,0.0
74,0.525,0.0
74,0.55,0.0
74,0.5750000000000000,0.0
74,0.6000000000000000,0.0
74,0.625,0.0
74,0.65,0.0
74,0.675,0.0
74,0.7000000000000000,0.0
74,0.7250000000000000,0.0
74,0.75,0.0
74,0.775,0.0
74,0.8,0.0
74,0.8250000000000000,0.0
74,0.8500000000000000,0.0
74,0.875,0.0
74,0.9,0.0
74,0.925,0.0
74,0.9500000000000000,0.0
74,0.9750000000000000,0.0
74,1.0,0.0
75,0.0,0.0
75,0.025,0.0
75,0.05,0.0
75,0.07500000000000000,0.0
75,0.1,0.0
75,0.125,0.0
75,0.15000000000000000,0.0
75,0.17500000000000000,0.0
75,0.2,0.0
75,0.225,0.0
75,0.25,0.0
75,0.275,0.0
75,0.30000000000000000,0.0
75,0.325,0.0
75,0.35000000000000000,0.0
75,0.375,0.0
75,0.4,0.0
75,0.42500000000000000,0.0
75,0.45,0.0
75,0.47500000000000000,0.0
75,0.5,0.0
75,0.525,0.0
75,0.55,0.0
75,0.5750000000000000,0.0
75,0.6000000000000000,0.0
75,0.625,0.0
75,0.65,0.0
75,0.675,0.0
75,0.7000000000000000,0.0
75,0.7250000000000000,0.0
75,0.75,0.0
75,0.775,0.0
75,0.8,0.0
75,0.8250000000000000,0.0
75,0.8500000000000000,0.0
75,0.875,0.0
75,0.9,0.0
75,0.925,0.0
75,0.9500000000000000,0.0
75,0.9750000000000000,0.0
75,1.0,0.0
76,0.0,0.0
76,0.025,0.0
76,0.05,0.0
76,0.07500000000000000,0.0
76,0.1,0.0
76,0.125,0.0
76,0.15000000000000000,0.0
76,0.17500000000000000,0.0
76,0.2,0.0
76,0.225,0.0
76,0.25,0.0
76,0.275,0.0
76,0.30000000000000000,0.0
76,0.325,0.0
76,0.35000000000000000,0.0
76,0.375,0.0
76,0.4,0.0
76,0.42500000000000000,0.0
76,0.45,0.0
76,0.47500000000000000,0.0
76,0.5,0.0
76,0.525,0.0
76,0.55,0.0
76,0.5750000000000000,0.0
76,0.6000000000000000,0.0
76,0.625,0.0
76,0.65,0.0
76,0.675,0.0
76,0.7000000000000000,0.0
76,0.7250000000000000,0.0
76,0.75,0.0
76,0.775,0.0
76,0.8,0.0
76,0.8250000000000000,0.0
76,0.8500000000000000,0.0
76,0.875,0.0
76,0.9,0.0
76,0.925,0.0
76,0.9500000000000000,0.0
76,0.9750000000000000,0.0
76,1.0,0.0
77,0.0,0.0
77,0.025,0.0
77,0.05,0.0
77,0.07500000000000000,0.0
77,0.1,0.0
77,0.125,0.0
77,0.15000000000000000,0.0
77,0.17500000000000000,0.0
77,0.2,0.0
77,0.225,0.0
77,0.25,0.0
77,0.275,0.0
77,0.30000000000000000,0.0
77,0.325,0.0
77,0.35000000000000000,0.0
77,0.375,0.0
77,0.4,0.0
77,0.42500000000000000,0.0
77,0.45,0.0
77,0.47500000000000000,0.0
77,0.5,0.0
77,0.525,0.0
77,0.55,0.0
77,0.5750000000000000,0.0
77,0.6000000000000000,0.0
77,0.625,0.0
77,0.65,0.0
77,0.675,0.0
77,0.7000000000000000,0.0
77,0.7250000000000000,0.0
77,0.75,0.0
77,0.775,0.0
77,0.8,0.0
77,0.8250000000000000,0.0
77,0.8500000000000000,0.0
77,0.875,0.0
77,0.9,0.0
77,0.925,0.0
77,0.9500000000000000,0.0
77,0.9750000000000000,0.0
77,1.0,0.0
78,0.0,0.0
78,0.025,0.0
78,0.05,0.0
78,0.07500000000000000,0.0
78,0.1,0.0
78,0.125,0.0
78,0.15000000000000000,0.0
78,0.17500000000000000,0.0
78,0.2,0.0
78,0.225,0.0
78,0.25,0.0
78,0.275,0.0
78,0.30000000000000000,0.0
78,0.325,0.0
78,0.35000000000000000,0.0
78,0.375,0.0
78,0.4,0.0
78,0.42500000000000000,0.0
78,0.45,0.0
78,0.47500000000000000,0.0
78,0.5,0.0
78,0.525,0.0
78,0.55,0.0
78,0.5750000000000000,0.0
78,0.6000000000000000,0.0
78,0.625,0.0
78,0.65,0.0
78,0.675,0.0
78,0.7000000000000000,0.0
78,0.7250000000000000,0.0
78,0.75,0.0
78,0.775,0.0
78,0.8,0.0
78,0.8250000000000000,0.0
78,0.8500000000000000,0.0
78,0.875,0.0
78,0.9,0.0
78,0.925,0.0
78,0.9500000000000000,0.0
78,0.9750000000000000,0.0
78,1.0,0.0
79,0.0,0.0
79,0.025,0.0
79,0.05,0.0
79,0.07500000000000000,0.0
79,0.1,0.0
79,0.125,0.0
79,0.15000000000000000,0.0
79,0.17500000000000000,0.0
79,0.2,0.0
79,0.225,0.0
79,0.25,0.0
79,0.275,0.0
79,0.30000000000000000,0.0
79,0.325,0.0
79,0.35000000000000000,0.0
79,0.375,0.0
79,0.4,0.0
79,0.42500000000000000,0.0
79,0.45,0.0
79,0.47500000000000000,0.0
79,0.5,0.0
79,0.525,0.0
79,0.55,0.0
79,0.5750000000000000,0.0
79,0.6000000000000000,0.0
79,0.625,0.0
79,0.65,0.0
79,0.675,0.0
79,0.7000000000000000,0.0
79,0.7250000000000000,0.0
79,0.75,0.0
79,0.775,0.0
79,0.8,0.0
79,0.8250000000000000,0.0
79,0.8500000000000000,0.0
79,0.875,0.0
79,0.9,0.0
79,0.925,0.0
79,0.9500000000000000,0.0
79,0.9750000000000000,0.0
79,1.0,0.0
80,0.0,0.0
80,0.025,0.0
80,0.05,0.0
80,0.07500000000000000,0.0
80,0.1,0.0
80,0.125,0.0
80,0.15000000000000000,0.0
80,0.17500000000000000,0.0
80,0.2,0.0
80,0.225,0.0
80,0.25,0.0
80,0.275,0.0
80,0.30000000000000000,0.0
80,0.325,0.0
80,0.35000000000000000,0.0
80,0.375,0.0
80,0.4,0.0
80,0.42500000000000000,0.0
80,0.45,0.0
80,0.47500000000000000,0.0
80,0.5,0.0
80,0.525,0.0
80,0.55,0.0
80,0.5750000000000000,0.0
80,0.6000000000000000,0.0
80,0.625,0.0
80,0.65,0.0
80,0.675,0.0
80,0.7000000000000000,0.0
80,0.7250000000000000,0.0
80,0.75,0.0
80,0.775,0.0
80,0.8,0.0
80,0.8250000000000000,0.0
80,0.8500000000000000,0.0
80,0.875,0.0
80,0.9,0.0
80,0.925,0.0
80,0.9500000000000000,0.0
80,0.9750000000000000,0.0
80,1.0,0.0
81,0.0,0.0
81,0.025,0.0
81,0.05,0.0
81,0.07500000000000000,0.0
81,0.1,0.0
81,0.125,0.0
81,0.15000000000000000,0.0
81,0.17500000000000000,0.0
81,0.2,0.0
81,0.225,0.0
81,0.25,0.0
81,0.275,0.0
81,0.30000000000000000,0.0
81,0.325,0.0
81,0.35000000000000000,0.0
81,0.375,0.0
81,0.4,0.0
81,0.42500000000000000,0.0
81,0.45,0.0
81,0.47500000000000000,0.0
81,0.5,0.0
81,0.525,0.0
81,0.55,0.0
81,0.5750000000000000,0.0
81,0.6000000000000000,0.0
81,0.625,0.0
81,0.65,0.0
81,0.675,0.0
81,0.7000000000000000,0.0
81,0.7250000000000000,0.0
81,0.75,0.0
81,0.775,0.0
81,0.8,0.0
81,0.8250000000000000,0.0
81,0.8500000000000000,0.0
81,0.875,0.0
81,0.9,0.0
81,0.925,0.0
81,0.9500000000000000,0.0
81,0.9750000000000000,0.0
81,1.0,0.0
82,0.0,0.0
82,0.025,0.0
82,0.05,0.0
82,0.07500000000000000,0.0
82,0.1,0.0
82,0.125,0.0
82,0.15000000000000000,0.0
82,0.17500000000000000,0.0
82,0.2,0.0
82,0.225,0.0
82,0.25,0.0
82,0.275,0.0
82,0.30000000000000000,0.0
82,0.325,0.0
82,0.35000000000000000,0.0
82,0.375,0.0
82,0.4,0.0
82,0.42500000000000000,0.0
82,0.45,0.0
82,0.47500000000000000,0.0
82,0.5,0.0
82,0.525,0.0
82,0.55,0.0
82,0.5750000000000000,0.0
82,0.6000000000000000,0.0
82,0.625,0.0
82,0.65,0.0
82,0.675,0.0
82,0.7000000000000000,0.0
82,0.7250000000000000,0.0
82,0.75,0.0
82,0.775,0.0
82,0.8,0.0
82,0.8250000000000000,0.0
82,0.8500000000000000,0.0
82,0.875,0.0
82,0.9,0.0
82,0.925,0.0
82,0.9500000000000000,0.0
82,0.9750000000000000,0.0
82,1.0,0.0
83,0.0,0.0
83,0.025,0.0
83,0.05,0.0
83,0.07500000000000000,0.0
83,0.1,0.0
83,0.125,0.0
83,0.15000000000000000,0.0
83,0.17500000000000000,0.0
83,0.2,0.0
83,0.225,0.0
83,0.25,0.0
83,0.275,0.0
83,0.30000000000000000,0.0
83,0.325,0.0
83,0.35000000000000000,0.0
83,0.375,0.0
83,0.4,0.0
83,0.42500000000000000,0.0
83,0.45,0.0
83,0.47500000000000000,0.0
83,0.5,0.0
83,0.525,0.0
83,0.55,0.0
83,0.5750000000000000,0.0
83,0.6000000000000000,0.0
83,0.625,0.0
83,0.65,0.0
83,0.675,0.0
83,0.7000000000000000,0.0
83,0.7250000000000000,0.0
83,0.75,0.0
83,0.775,0.0
83,0.8,0.0
83,0.8250000000000000,0.0
83,0.8500000000000000,0.0
83,0.875,0.0
83,0.9,0.0
83,0.925,0.0
83,0.9500000000000000,0.0
83,0.9750000000000000,0.0
83,1.0,0.0
84,0.0,0.0
84,0.025,0.0
84,0.05,0.0
84,0.07500000000000000,0.0
84,0.1,0.0
84,0.125,0.0
84,0.15000000000000000,0.0
84,0.17500000000000000,0.0
84,0.2,0.0
84,0.225,0.0
84,0.25,0.0
84,0.275,0.0
84,0.30000000000000000,0.0
84,0.325,0.0
84,0.35000000000000000,0.0
84,0.375,0.0
84,0.4,0.0
84,0.42500000000000000,0.0
84,0.45,0.0
84,0.47500000000000000,0.0
84,0.5,0.0
84,0.525,0.0
84,0.55,0.0
84,0.5750000000000000,0.0
84,0.6000000000000000,0.0
84,0.625,0.0
84,0.65,0.0
84,0.675,0.0
84,0.7000000000000000,0.0
84,0.7250000000000000,0.0
84,0.75,0.0
84,0.775,0.0
84,0.8,0.0
84,0.8250000000000000,0.0
84,0.8500000000000000,0.0
84,0.875,0.0
84,0.9,0.0
84,0.925,0.0
84,0.9500000000000000,0.0
84,0.9750000000000000,0.0
84,1.0,0.0
85,0.0,0.0
85,0.025,0.0
85,0.05,0.0
85,0.07500000000000000,0.0
85,0.1,0.0
85,0.125,0.0
85,0.15000000000000000,0.0
85,0.17500000000000000,0.0
85,0.2,0.0
85,0.225,0.0
85,0.25,0.0
85,0.275,0.0
85,0.30000000000000000,0.0
85,0.325,0.0
85,0.35000000000000000,0.0
85,0.375,0.0
85,0.4,0.0
85,0.42500000000000000,0.0
85,0.45,0.0
85,0.47500000000000000,0.0
85,0.5,0.0
85,0.525,0.0
85,0.55,0.0
85,0.5750000000000000,0.0
85,0.6000000000000000,0.0
85,0.625,0.0
85,0.65,0.0
85,0.675,0.0
85,0.7000000000000000,0.0
85,0.7250000000000000,0.0
85,0.75,0.0
85,0.775,0.0
85,0.8,0.0
85,0.8250000000000000,0.0
85,0.8500000000000000,0.0
85,0.875,0.0
85,0.9,0.0
85,0.925,0.0
85,0.9500000000000000,0.0
85,0.9750000000000000,0.0
85,1.0,0.0
86,0.0,0.0
86,0.025,0.0
86,0.05,0.0
86,0.07500000000000000,0.0
86,0.1,0.0
86,0.125,0.0
86,0.15000000000000000,0.0
86,0.17500000000000000,0.0
86,0.2,0.0
86,0.225,0.0
86,0.25,0.0
86,0.275,0.0
86,0.30000000000000000,0.0
86,0.325,0.0
86,0.35000000000000000,0.0
86,0.375,0.0
86,0.4,0.0
86,0.42500000000000000,0.0
86,0.45,0.0
86,0.47500000000000000,0.0
86,0.5,0.0
86,0.525,0.0
86,0.55,0.0
86,0.5750000000000000,0.0
86,0.6000000000000000,0.0
86,0.625,0.0
86,0.65,0.0
86,0.675,0.0
86,0.7000000000000000,0.0
86,0.7250000000000000,0.0
86,0.75,0.0
86,0.775,0.0
86,0.8,0.0
86,0.8250000000000000,0.0
86,0.8500000000000000,0.0
86,0.875,0.0
86,0.9,0.0
86,0.925,0.0
86,0.9500000000000000,0.0
86,0.9750000000000000,0.0
86,1.0,0.0
87,0.0,0.0
87,0.025,0.0
87,0.05,0.0
87,0.07500000000000000,0.0
87,0.1,0.0
87,0.125,0.0
87,0.15000000000000000,0.0
87,0.17500000000000000,0.0
87,0.2,0.0
87,0.225,0.0
87,0.25,0.0
87,0.275,0.0
87,0.30000000000000000,0.0
87,0.325,0.0
87,0.35000000000000000,0.0
87,0.375,0.0
87,0.4,0.0
87,0.42500000000000000,0.0
87,0.45,0.0
87,0.47500000000000000,0.0
87,0.5,0.0
87,0.525,0.0
87,0.55,0.0
87,0.5750000000000000,0.0
87,0.6000000000000000,0.0
87,0.625,0.0
87,0.65,0.0
87,0.675,0.0
87,0.7000000000000000,0.0
87,0.7250000000000000,0.0
87,0.75,0.0
87,0.775,0.0
87,0.8,0.0
87,0.8250000000000000,0.0
87,0.8500000000000000,0.0
87,0.875,0.0
87,0.9,0.0
87,0.925,0.0
87,0.9500000000000000,0.0
87,0.9750000000000000,0.0
87,1.0,0.0
88,0.0,0.0
88,0.025,0.0
88,0.05,0.0
88,0.07500000000000000,0.0
88,0.1,0.0
88,0.125,0.0
88,0.15000000000000000,0.0
88,0.17500000000000000,0.0
88,0.2,0.0
88,0.225,0.0
88,0.25,0.0
88,0.275,0.0
88,0.30000000000000000,0.0
88,0.325,0.0
88,0.35000000000000000,0.0
88,0.375,0.0
88,0.4,0.0
88,0.42500000000000000,0.0
88,0.45,0.0
88,0.47500000000000000,0.0
88,0.5,0.0
88,0.525,0.0
88,0.55,0.0
88,0.5750000000000000,0.0
88,0.6000000000000000,0.0
88,0.625,0.0
88,0.65,0.0
88,0.675,0.0
88,0.7000000000000000,0.0
88,0.7250000000000000,0.0
88,0.75,0.0
88,0.775,0.0
88,0.8,0.0
88,0.8250000000000000,0.0
88,0.8500000000000000,0.0
88,0.875,0.0
88,0.9,0.0
88,0.925,0.0
88,0.9500000000000000,0.0
88,0.9750000000000000,0.0
88,1.0,0.0
89,0.0,0.0
89,0.025,0.0
89,0.05,0.0
89,0.07500000000000000,0.0
89,0.1,0.0
89,0.125,0.0
89,0.15000000000000000,0.0
89,0.17500000000000000,0.0
89,0.2,0.0
89,0.225,0.0
89,0.25,0.0
89,0.275,0.0
89,0.30000000000000000,0.0
89,0.325,0.0
89,0.35000000000000000,0.0
89,0.375,0.0
89,0.4,0.0
89,0.42500000000000000,0.0
89,0.45,0.0
89,0.47500000000000000,0.0
89,0.5,0.0
89,0.525,0.0
89,0.55,0.0
89,0.5750000000000000,0.0
89,0.6000000000000000,0.0
89,0.625,0.0
89,0.65,0.0
89,0.675,0.0
89,0.7000000000000000,0.0
89,0.7250000000000000,0.0
89,0.75,0.0
89,0.775,0.0
89,0.8,0.0
89,0.8250000000000000,0.0
89,0.8500000000000000,0.0
89,0.875,0.0
89,0.9,0.0
89,0.925,0.0
89,0.9500000000000000,0.0
89,0.9750000000000000,0.0
89,1.0,0.0
90,0.0,0.0
90,0.025,0.0
90,0.05,0.0
90,0.07500000000000000,0.0
90,0.1,0.0
90,0.125,0.0
90,0.15000000000000000,0.0
90,0.17500000000000000,0.0
90,0.2,0.0
90,0.225,0.0
90,0.25,0.0
90,0.275,0.0
90,0.30000000000000000,0.0
90,0.325,0.0
90,0.35000000000000000,0.0
90,0.375,0.0
90,0.4,0.0
90,0.42500000000000000,0.0
90,0.45,0.0
90,0.47500000000000000,0.0
90,0.5,0.0
90,0.525,0.0
90,0.55,0.0
90,0.5750000000000000,0.0
90,0.6000000000000000,0.0
90,0.625,0.0
90,0.65,0.0
90,0.675,0.0
90,0.7000000000000000,0.0
90,0.7250000000000000,0.0
90,0.75,0.0
90,0.775,0.0
90,0.8,0.0
90,0.8250000000000000,0.0
90,0.8500000000000000,0.0
90,0.875,0.0
90,0.9,0.0
90,0.925,0.0
90,0.9500000000000000,0.0
90,0.9750000000000000,0.0
90,1.0,0.0
91,0.0,0.0
91,0.025,0.0
91,0.05,0.0
91,0.07500000000000000,0.0
91,0.1,0.0
91,0.125,0.0
91,0.15000000000000000,0.0
91,0.17500000000000000,0.0
91,0.2,0.0
91,0.225,0.0
91,0.25,0.0
91,0.275,0.0
91,0.30000000000000000,0.0
91,0.325,0.0
91,0.35000000000000000,0.0
91,0.375,0.0
91,0.4,0.0
91,0.42500000000000000,0.0
91,0.45,0.0
91,0.47500000000000000,0.0
91,0.5,0.0
91,0.525,0.0
91,0.55,0.0
91,0.5750000000000000,0.0
91,0.6000000000000000,0.0
91,0.625,0.0
91,0.65,0.0
91,0.675,0.0
91,0.7000000000000000,0.0
91,0.7250000000000000,0.0
91,0.75,0.0
91,0.775,0.0
91,0.8,0.0
91,0.8250000000000000,0.0
91,0.8500000000000000,0.0
91,0.875,0.0
91,0.9,0.0
91,0.925,0.0
91,0.9500000000000000,0.0
91,0.9750000000000000,0.0
92,1.0,0.0
92,0.0,0.0
92,0.025,0.0
92,0.05,0.0
92,0.07500000000000000,0.0
92,0.1,0.0
92,0.125,0.0
92,0.15000000000000000,0.0
92,0.17500000000000000,0.0
92,0.2,0.0
92,0.225,0.0
92,0.25,0.0
92,0.275,0.0
92,0.30000000000000000,0.0
92,0.325,0.0
92,0.35000000000000000,0.0
92,0.375,0.0
92,0.4,0.0
92,0.42500000000000000,0.0
92,0.45,0.0
92,0.47500000000000000,0.0
92,0.5,0.0
92,0.525,0.0
92,0.55,0.0
92,0.5750000000000000,0.0
92,0.6000000000000000,0.0
92,0.625,0.0
92,0.65,0.0
92,0.675,0.0
92,0.7000000000000000,0.0
92,0.7250000000000000,0.0
92,0.75,0.0
92,0.775,0.0
92,0.8,0.0
92,0.8250000000000000,0.0
92,0.8500000000000000,0.0
92,0.875,0.0
92,0.9,0.0
92,0.925,0.0
92,0.9500000000000000,0.0
92,0.9750000000000000,0.0
92,1.0,0.0
93,0.0,0.0
93,0.025,0.0
93,0.05,0.0
93,0.07500000000000000,0.0
93,0.1,0.0
93,0.125,0.0
93,0.15000000000000000,0.0
93,0.17500000000000000,0.0
93,0.2,0.0
93,0.225,0.0
93,0.25,0.0
93,0.275,0.0
93,0.30000000000000000,0.0
93,0.325,0.0
93,0.35000000000000000,0.0
93,0.375,0.0
93,0.4,0.0
93,0.42500000000000000,0.0
93,0.45,0.0
93,0.47500000000000000,0.0
93,0.5,0.0
93,0.525,0.0
93,0.55,0.0
93,0.5750000000000000,0.0
93,0.6000000000000000,0.0
93,0.625,0.0
93,0.65,0.0
93,0.675,0.0
93,0.7000000000000000,0.0
93,0.7250000000000000,0.0
93,0.75,0.0
93,0.775,0.0
93,0.8,0.0
93,0.8250000000000000,0.0
93,0.8500000000000000,0.0
93,0.875,0.0
93,0.9,0.0
93,0.925,0.0
93,0.9500000000000000,0.0
93,0.9750000000000000,0.0
93,1.0,0.0
94,0.0,0.0
94,0.025,0.0
94,0.05,0.0
94,0.07500000000000000,0.0
94,0.1,0.0
94,0.125,0.0
94,0.15000000000000000,0.0
94,0.17500000000000000,0.0
94,0.2,0.0
94,0.225,0.0
94,0.25,0.0
94,0.275,0.0
94,0.30000000000000000,0.0
94,0.325,0.0
94,0.35000000000000000,0.0
94,0.375,0.0
94,0.4,0.0
94,0.42500000000000000,0.0
94,0.45,0.0
94,0.47500000000000000,0.0
94,0.5,0.0
94,0.525,0.0
94,0.55,0.0
94,0.5750000000000000,0.0
94,0.6000000000000000,0.0
94,0.625,0.0
94,0.65,0.0
94,0.675,0.0
94,0.7000000000000000,0.0
94,0.7250000000000000,0.0
94,0.75,0.0
94,0.775,0.0
94,0.8,0.0
94,0.8250000000000000,0.0
94,0.8500000000000000,0.0
94,0.875,0.0
94,0.9,0.0
94,0.925,0.0
94,0.9500000000000000,0.0
94,0.9750000000000000,0.0
94,1.0,0.0
95,0.0,0.0
95,0.025,0.0
95,0.05,0.0
95,0.07500000000000000,0.0
95,0.1,0.0
95,0.125,0.0
95,0.15000000000000000,0.0
95,0.17500000000000000,0.0
95,0.2,0.0
95,0.225,0.0
95,0.25,0.0
95,0.275,0.0
95,0.30000000000000000,0.0
95,0.325,0.0
95,0.35000000000000000,0.0
95,0.375,0.0
95,0.4,0.0
95,0.42500000000000000,0.0
95,0.45,0.0
95,0.47500000000000000,0.0
95,0.5,0.0
95,0.525,0.0
95,0.55,0.0
95,0.5750000000000000,0.0
95,0.6000000000000000,0.0
95,0.625,0.0
95,0.65,0.0
95,0.675,0.0
95,0.7000000000000000,0.0
95,0.7250000000000000,0.0
95,0.75,0.0
95,0.775,0.0
95,0.8,0.0
95,0.8250000000000000,0.0
95,0.8500000000000000,0.0
95,0.875,0.0
95,0.9,0.0
95,0.925,0.0
95,0.9500000000000000,0.0
95,0.9750000000000000,0.0
95,1.0,0.0
96,0.0,0.0
96,0.025,0.0
96,0.05,0.0
96,0.07500000000000000,0.0
96,0.1,0.0
96,0.125,0.0
96,0.15000000000000000,0.0
96,0.17500000000000000,0.0
96,0.2,0.0
96,0.225,0.0
96,0.25,0.0
96,0.275,0.0
96,0.30000000000000000,0.0
96,0.325,0.0
96,0.35000000000000000,0.0
96,0.375,0.0
96,0.4,0.0
96,0.42500000000000000,0.0
96,0.45,0.0
96,0.47500000000000000,0.0
96,0.5,0.0
96,0.525,0.0
96,0.55,0.0
96,0.5750000000000000,0.0
96,0.6000000000000000,0.0
96,0.625,0.0
96,0.65,0.0
96,0.675,0.0
96,0.7000000000000000,0.0
96,0.7250000000000000,0.0
96,0.75,0.0
96,0.775,0.0
96,0.8,0.0
96,0.8250000000000000,0.0
96,0.8500000000000000,0.0
96,0.875,0.0
96,0.9,0.0
96,0.925,0.0
96,0.9500000000000000,0.0
96,0.9750000000000000,0.0
96,1.0,0.0
97,0.0,0.0
97,0.025,0.0
97,0.05,0.0
97,0.07500000000000000,0.0
97,0.1,0.0
97,0.125,0.0
97,0.15000000000000000,0.0
97,0.17500000000000000,0.0
97,0.2,0.0
97,0.225,0.0
97,0.25,0.0
97,0.275,0.0
97,0.30000000000000000,0.0
97,0.325,0.0
97,0.35000000000000000,0.0
97,0.375,0.0
97,0.4,0.0
97,0.42500000000000000,0.0
97,0.45,0.0
97,0.47500000000000000,0.0
97,0.5,0.0
97,0.525,0.0
97,0.55,0.0
97,0.5750000000000000,0.0
97,0.6000000000000000,0.0
97,0.625,0.0
97,0.65,0.0
97,0.675,0.0
97,0.7000000000000000,0.0
97,0.7250000000000000,0.0
97,0.75,0.0
97,0.775,0.0
97,0.8,0.0
97,0.8250000000000000,0.0
97,0.8500000000000000,0.0
97,0.875,0.0
97,0.9,0.0
97,0.925,0.0
97,0.9500000000000000,0.0
97,0.9750000000000000,0.0
97,1.0,0.0
98,0.0,0.0
98,0.025,0.0
98,0.05,0.0
98,0.07500000000000000,0.0
98,0.1,0.0
98,0.125,0.0
98,0.15000000000000000,0.0
98,0.17500000000000000,0.0
98,0.2,0.0
98,0.225,0.0
98,0.25,0.0
98,0.275,0.0
98,0.30000000000000000,0.0
98,0.325,0.0
98,0.35000000000000000,0.0
98,0.375,0.0
98,0.4,0.0
98,0.42500000000000000,0.0
98,0.45,0.0
98,0.47500000000000000,0.0
98,0.5,0.0
98,0.525,0.0
98,0.55,0.0
98,0.5750000000000000,0.0
98,0.6000000000000000,0.0
98,0.625,0.0
98,0.65,0.0
98,0.675,0.0
98,0.7000000000000000,0.0
98,0.7250000000000000,0.0
98,0.75,0.0
98,0.775,0.0
98,0.8,0.0
98,0.8250000000000000,0.0
98,0.8500000000000000,0.0
98,0.875,0.0
98,0.9,0.0
98,0.925,0.0
98,0.9500000000000000,0.0
98,0.9750000000000000,0.0
98,1.0,0.0
99,0.0,0.0
99,0.025,0.0
99,0.05,0.0
99,0.07500000000000000,0.0
99,0.1,0.0
99,0.125,0.0
99,0.15000000000000000,0.0
99,0.17500000000000000,0.0
99,0.2,0.0
99,0.225,0.0
99,0.25,0.0
99,0.275,0.0
99,0.30000000000000000,0.0
99,0.325,0.0
99,0.35000000000000000,0.0
99,0.375,0.0
99,0.4,0.0
99,0.42500000000000000,0.0
99,0.45,0.0
99,0.47500000000000000,0.0
99,0.5,0.0
99,0.525,0.0
99,0.55,0.0
99,0.5750000000000000,0.0
99,0.6000000000000000,0.0
99,0.625,0.0
99,0.65,0.0
99,0.675,0.0
99,0.7000000000000000,0.0
99,0.7250000000000000,0.0
99,0.75,0.0
99,0.775,0.0
99,0.8,0.0
99,0.8250000000000000,0.0
99,0.8500000000000000,0.0
99,0.875,0.0
99,0.9,0.0
99,0.925,0.0
99,0.9500000000000000,0.0
99,0.9750000000000000,0.0
99,1.0,0.0
100,0.0,0.0
100,0.025,0.0
100,0.05,0.0
100,0.07500000000000000,0.0
100,0.1,0.0
100,0.125,0.0
100,0.15000000000000000,0.0
100,0.17500000000000000,0.0
100,0.2,0.0
100,0.225,0.0
100,0.25,0.0
100,0.275,0.0
100,0.30000000000000000,0.0
100,0.325,0.0
100,0.35000000000000000,0.0
100,0.375,0.0
100,0.4,0.0
100,0.42500000000000000,0.0
100,0.45,0.0
100,0.47500000000000000,0.0
100,0.5,0.0
100,0.525,0.0
100,0.55,0.0
100,0.5750000000000000,0.0
100,0.6000000000000000,0.0
100,0.625,0.0
100,0.65,0.0
100,0.675,0.0
100,0.7000000000000000,0.0
100,0.7250000000000000,0.0
100,0.75,0.0
100,0.775,0.0
100,0.8,0.0
100,0.8250000000000000,0.0
100,0.8500000000000000,0.0
100,0.875,0.0
100,0.9,0.0
100,0.925,0.0
100,0.9500000000000000,0.0
100,0.9750000000000000,0.0
100,1.0,0.0
100,0.0,0.0
100,0.025,0.0
100,0.05,0.0
100,0.07500000000000000,0.0
100,0.1,0.0
100,0.125,0.0
100,0.15000000000000000,0.0
100,0.17500000000000000,0.0
100,0.2,0.0
100,0.225,0.0
100,0.25,0.0
100,0.275,0.0
100,0.30000000000000000,0.0
100,0.325,0.0
100,0.35000000000000000,0.0
100,0.375,0.0
100,0.4,0.0
100,0.42500000000000000,0.0
100,0.45,0.0
100,0.47500000000000000,0.0
100,0.5,0.0
100,0.525,0.0
100,0.55,0.0
100,0.5750000000000000,0.0
100,0.6000000000000000,0.0
100,0.625,0.0
100,0.65,0.0
100,0.675,0.0
100,0.7000000000000000,0.0
100,0.7250000000000000,0.0
100,0.75,0.0
100,0.775,0.0
100,0.8,0.0
100,0.8250000000000000,0.0
100,0.8500000000000000,0.0
100,0.875,0.0
100,0.9,0.0
100,0.925,0.0
100,0.9500000000000000,0.0
100,0.9750000000000000,0.0
100,1.0,0.0